City,RegionName,avg,zip,count,City_category,population,poverty_count,median_household_income,zipcode,poverty_rate
Aberdeen,28315,99995.51578947369,28315,4,0,13700.0,2826.0,51725.0,28315,20.62773722627737
Advance,27006,132251.4108108108,27006,2,1,14555.0,932.0,78095.0,27006,6.403297835795258
Albemarle,28001,58202.00680272109,28001,8,2,26601.0,5208.0,45121.0,28001,19.578211345438138
Angier,27501,101196.76666666666,27501,5,3,21299.0,2601.0,56338.0,27501,12.21184093149913
Apex,27502,155699.6198630137,27502,7,4,40280.0,2248.0,110513.0,27502,5.580933465739823
Apex,27523,287636.89455782314,27523,3,4,11629.0,685.0,102368.0,27523,5.890446298047984
Apex,27539,149820.27891156462,27539,5,4,23436.0,1111.0,105526.0,27539,4.7405700631507095
Archdale,27263,60574.80952380953,27263,5,5,22028.0,3042.0,44454.0,27263,13.80969674959143
Arden,28704,133441.9814814815,28704,3,6,19060.0,1563.0,63223.0,28704,8.200419727177334
Ash,28420,107964.64071856288,28420,2,7,3845.0,639.0,53519.0,28420,16.618985695708712
Asheboro,27203,65805.88095238095,27203,8,8,21684.0,5360.0,34131.0,27203,24.71868658919018
Asheboro,27205,88896.01403508772,27205,7,8,34517.0,5316.0,47008.0,27205,15.401106701045858
Asheville,28801,182192.95895522388,28801,5,9,13683.0,3113.0,33504.0,28801,22.75085872981071
Asheville,28803,144000.03703703705,28803,9,9,33756.0,3072.0,50475.0,28803,9.100604337006754
Asheville,28804,175129.8401486989,28804,2,9,22189.0,2553.0,59855.0,28804,11.50570102302943
Asheville,28805,153389.36296296297,28805,3,9,19818.0,2187.0,49893.0,28805,11.035422343324251
Asheville,28806,145226.98888888888,28806,12,9,42650.0,6165.0,46726.0,28806,14.454865181711607
Atlantic,28511,97336.06735751295,28511,1,10,566.0,107.0,38125.0,28511,18.904593639575968
Aurora,27806,33458.333333333336,27806,1,11,2664.0,490.0,37582.0,27806,18.39339339339339
Ayden,28513,50680.532608695656,28513,3,12,10321.0,2091.0,48269.0,28513,20.259664761166555
Badin,28009,37214.65405405405,28009,1,13,1221.0,167.0,33261.0,28009,13.677313677313675
Bahama,27503,132206.7046263345,27503,1,14,6328.0,170.0,81016.0,27503,2.6864728192161818
Bailey,27807,76130.17741935483,27807,2,15,6415.0,866.0,45422.0,27807,13.499610288386593
Banner Elk,28604,130213.47959183673,28604,2,16,7635.0,918.0,51280.0,28604,12.023575638506875
Barco,27917,116435.60884353741,27917,3,17,734.0,391.0,29684.0,27917,53.26975476839236
Barnardsville,28709,133146.72556390977,28709,1,18,2302.0,175.0,47250.0,28709,7.602085143353605
Bath,27808,145630.94537815126,27808,1,19,1939.0,169.0,48079.0,27808,8.715832903558535
Bayboro,28515,66164.80701754386,28515,4,20,2584.0,507.0,29292.0,28515,19.620743034055728
Bear Creek,27207,96883.24372759857,27207,1,21,3149.0,502.0,55625.0,27207,15.941568751984756
Beaufort,28516,137260.0850340136,28516,4,22,11268.0,1665.0,48668.0,28516,14.776357827476039
Belmont,28012,102069.07326007326,28012,7,23,22968.0,2135.0,66910.0,28012,9.29554162312783
Belwood,28090,64207.52721088436,28090,2,24,8473.0,2121.0,33151.0,28090,25.032456036822854
Bennett,27208,97622.10780669145,27208,2,25,1847.0,331.0,42128.0,27208,17.920952896589068
Benson,27504,82651.91176470589,27504,5,26,15182.0,3153.0,46944.0,27504,20.76801475431432
Bessemer City,28016,66083.09523809524,28016,5,27,13046.0,2484.0,44313.0,28016,19.040318871684807
Black Mountain,28711,162163.44402985074,28711,3,28,13398.0,880.0,45329.0,28711,6.568144499178983
Blowing Rock,28605,203150.1394557823,28605,1,29,3428.0,375.0,60172.0,28605,10.939323220536757
Boiling Spring Lakes,28461,179048.96634615384,28461,4,30,19897.0,1471.0,64418.0,28461,7.393074332813993
Bolivia,28422,126968.30769230769,28422,4,31,8404.0,1810.0,45183.0,28422,21.53736316039981
Boomer,28606,67403.70196078431,28606,1,32,1689.0,265.0,31308.0,28606,15.689757252812312
Boone,28607,166215.38775510204,28607,5,33,35523.0,10533.0,41143.0,28607,29.651211890887595
Boonville,27011,88752.90666666666,27011,3,34,5380.0,906.0,37167.0,27011,16.840148698884757
Bostic,28018,77430.30952380953,28018,3,35,4699.0,757.0,36108.0,28018,16.109810597999573
Brevard,28712,149766.69565217392,28712,6,36,20017.0,2894.0,46490.0,28712,14.457710945696158
Brevard,28772,133904.74316939892,28772,3,36,1061.0,51.0,45670.0,28772,4.806786050895382
Broadway,27505,85915.10869565218,27505,1,37,5862.0,898.0,47696.0,27505,15.31900375298533
Browns Summit,27214,78095.93197278911,27214,3,38,10773.0,781.0,67895.0,27214,7.24960549521953
Bunn,27508,79772.18579234973,27508,3,39,1326.0,163.0,42981.0,27508,12.292609351432882
Burgaw,28425,69603.24043715847,28425,6,40,11634.0,2161.0,40211.0,28425,18.574866769812623
Burlington,27215,97109.39115646259,27215,8,41,41204.0,6435.0,47420.0,27215,15.617415784875258
Burlington,27217,65132.03831417624,27217,7,41,37624.0,7957.0,40114.0,27217,21.14873485009568
Butner,27509,92363.92517006803,27509,2,42,6285.0,1325.0,41467.0,27509,21.081941129673826
Buxton,27920,229415.54347826086,27920,2,43,1327.0,542.0,48796.0,27920,40.84400904295404
Camden,27921,191515.07079646018,27921,5,44,4889.0,595.0,63563.0,27921,12.170177950501126
Cameron,28326,88312.97872340426,28326,5,45,23385.0,3280.0,61299.0,28326,14.026085097284586
Candler,28715,133210.276119403,28715,5,46,26318.0,3319.0,53594.0,28715,12.611140664184209
Canton,28716,117080.375,28716,5,47,17807.0,2681.0,49018.0,28716,15.055876902341776
Carolina Beach,28428,233397.10869565216,28428,1,48,6533.0,603.0,71250.0,28428,9.230062758303994
Carrboro,27510,159178.11297071129,27510,3,49,15528.0,2471.0,53155.0,27510,15.91318907779495
Cary,27511,131186.03741496598,27511,7,50,34525.0,3653.0,74339.0,27511,10.580738595220852
Cary,27513,140526.10204081633,27513,7,50,44821.0,2443.0,92858.0,27513,5.45057004529127
Cary,27518,141988.8184931507,27518,1,50,20875.0,918.0,106833.0,27518,4.3976047904191615
Cary,27519,217218.9455782313,27519,11,50,55111.0,1916.0,130337.0,27519,3.4766199125401465
Casar,28020,77218.04887218046,28020,1,51,2082.0,301.0,42700.0,28020,14.457252641690678
Cashiers,28717,284016.31147540984,28717,3,52,1640.0,240.0,41108.0,28717,14.634146341463413
Castle Hayne,28429,140612.3346456693,28429,3,53,7525.0,707.0,49346.0,28429,9.395348837209305
Catawba,28609,110627.25631768953,28609,3,54,5788.0,467.0,59495.0,28609,8.068417415342086
Chapel Hill,27514,170009.32217573223,27514,5,55,32304.0,3901.0,70849.0,27514,12.075903912828133
Chapel Hill,27516,212048.07553956835,27516,13,55,41551.0,5747.0,85615.0,27516,13.83119539842603
Chapel Hill,27517,184342.07829181495,27517,5,55,24092.0,2085.0,84940.0,27517,8.654325087165864
Charlotte,28202,261665.14285714287,28202,4,56,12745.0,1354.0,90972.0,28202,10.623774029030992
Charlotte,28203,226871.62585034015,28203,2,56,15946.0,2313.0,81094.0,28203,14.505205067101466
Charlotte,28204,211772.04421768707,28204,3,56,6725.0,1148.0,61700.0,28204,17.070631970260223
Charlotte,28205,152113.8605442177,28205,11,56,48539.0,10702.0,49378.0,28205,22.04824986093657
Charlotte,28206,74501.91126279863,28206,6,56,11919.0,3480.0,31617.0,28206,29.197080291970803
Charlotte,28207,192888.48299319728,28207,2,56,9539.0,485.0,129886.0,28207,5.08439039731628
Charlotte,28208,70714.77891156463,28208,11,56,39700.0,9954.0,34925.0,28208,25.073047858942065
Charlotte,28209,165192.5,28209,6,56,22694.0,2830.0,72535.0,28209,12.47025645545078
Charlotte,28210,128704.39115646259,28210,8,56,48304.0,5086.0,68692.0,28210,10.529148724743294
Charlotte,28211,134058.9081632653,28211,8,56,30789.0,3507.0,84366.0,28211,11.390431647666373
Charlotte,28212,81837.39795918367,28212,8,56,45694.0,11593.0,39439.0,28212,25.370945857224147
Charlotte,28213,96580.61904761905,28213,4,56,40724.0,8142.0,43984.0,28213,19.993124447500247
Charlotte,28214,103719.52380952382,28214,8,56,41356.0,5248.0,60837.0,28214,12.68981526259793
Charlotte,28215,76445.3231292517,28215,10,56,62533.0,10998.0,50305.0,28215,17.587513792717445
Charlotte,28216,94921.6836734694,28216,8,56,51116.0,7238.0,48647.0,28216,14.159949917833949
Charlotte,28217,74774.80952380953,28217,3,56,29410.0,6806.0,49230.0,28217,23.141788507310444
Charlotte,28226,117287.52380952382,28226,2,56,39631.0,2604.0,94492.0,28226,6.570613913350661
Charlotte,28262,110756.1462585034,28262,11,56,43046.0,7613.0,53261.0,28262,17.68573154300051
Charlotte,28269,112884.14285714286,28269,10,56,76811.0,5341.0,64803.0,28269,6.953431149184363
Charlotte,28270,119933.3231292517,28270,3,56,35059.0,1273.0,95224.0,28270,3.6310219915000426
Charlotte,28273,112356.98299319728,28273,10,56,39483.0,3705.0,63687.0,28273,9.383785426639315
Charlotte,28277,151120.1394557823,28277,11,56,71605.0,2660.0,105885.0,28277,3.7148243837720822
Charlotte,28278,186049.64285714287,28278,4,56,27286.0,1257.0,90282.0,28278,4.606758044418383
Cherryville,28021,70106.23684210527,28021,4,57,13991.0,1864.0,45606.0,28021,13.322850403831037
China Grove,28023,82503.84705882354,28023,7,58,15623.0,2442.0,54626.0,28023,15.630800742495039
Chocowinity,27817,68239.14285714286,27817,3,59,7773.0,1391.0,50526.0,27817,17.895278528238773
Claremont,28610,94183.22789115646,28610,5,60,10120.0,964.0,55997.0,28610,9.525691699604744
Clayton,27520,100629.78275862068,27520,8,61,40611.0,2700.0,65190.0,27520,6.6484450025855075
Clayton,27527,131017.40073529411,27527,4,61,23160.0,1307.0,87313.0,27527,5.643350604490501
Clemmons,27012,107624.40816326531,27012,4,62,27478.0,1580.0,80045.0,27012,5.750054589125846
Cleveland,27013,107542.95454545454,27013,2,63,6135.0,871.0,51372.0,27013,14.197229013854933
Climax,27233,92851.33333333333,27233,1,64,3643.0,168.0,67278.0,27233,4.611583859456491
Clyde,28721,149768.4043715847,28721,4,65,10152.0,1622.0,46290.0,28721,15.977147360126086
Coats,27521,104243.33333333333,27521,1,66,6111.0,1279.0,44231.0,27521,20.929471444935363
Collettsville,28611,58470.31441048035,28611,1,67,1162.0,171.0,61810.0,28611,14.716006884681585
Columbia,27925,59533.86713286713,27925,3,68,3991.0,863.0,37674.0,27925,21.623653219744426
Concord,28025,88607.87755102041,28025,14,69,54829.0,8376.0,54774.0,28025,15.27658720749968
Concord,28027,99018.84353741497,28027,17,69,63423.0,4694.0,71067.0,28027,7.40110054712013
Conover,28613,88233.8231292517,28613,5,70,22233.0,3053.0,54585.0,28613,13.73184005757208
Conway,27820,36443.14678899082,27820,2,71,2211.0,424.0,39839.0,27820,19.17684305744007
Cooleemee,27014,51090.2294117647,27014,1,72,854.0,260.0,37143.0,27014,30.444964871194376
Cornelius,28031,147872.21768707482,28031,5,73,27460.0,2034.0,89823.0,28031,7.407137654770576
Corolla,27927,203252.66666666666,27927,1,74,932.0,89.0,65795.0,27927,9.549356223175966
Cove City,28523,78845.02666666667,28523,1,75,2364.0,299.0,62533.0,28523,12.648054145516074
Cramerton,28032,93693.32352941176,28032,1,76,3296.0,570.0,59071.0,28032,17.29368932038835
Creedmoor,27522,111596.40816326531,27522,7,77,11861.0,1133.0,65589.0,27522,9.55231430739398
Cullowhee,28723,179748.7688172043,28723,1,78,11182.0,2562.0,33180.0,28723,22.9118225719907
Currituck,27929,175247.74489795917,27929,1,79,1711.0,104.0,80185.0,27929,6.078316773816482
Dallas,28034,79901.89925373135,28034,5,80,17327.0,2486.0,46423.0,28034,14.347550066370404
Danbury,27016,79444.081300813,27016,1,81,1395.0,145.0,50263.0,27016,10.394265232974911
Davidson,28036,161485.97959183675,28036,2,82,17824.0,700.0,117685.0,28036,3.927289048473968
Deep Run,28525,48117.20068027211,28525,1,83,2919.0,709.0,36373.0,28525,24.289140116478247
Denton,27239,88703.28231292516,27239,3,84,9066.0,1268.0,48091.0,27239,13.986322523714977
Denver,28037,197915.45578231293,28037,6,85,20110.0,1449.0,75516.0,28037,7.2053704624564885
Dobson,27017,81297.05882352941,27017,6,86,9236.0,1461.0,41201.0,27017,15.818536162841056
Dudley,28333,56528.171428571426,28333,3,87,11075.0,4797.0,30172.0,28333,43.313769751693
Dunn,28334,57149.80327868852,28334,7,88,24780.0,6009.0,36751.0,28334,24.24939467312349
Durham,27701,138000.0,27701,8,89,22849.0,6448.0,36606.0,27701,28.220053394021626
Durham,27703,158476.03272727272,27703,13,89,51163.0,7943.0,60438.0,27703,15.52489103453668
Durham,27704,107897.31672597864,27704,12,89,39281.0,8620.0,46720.0,27704,21.9444515160001
Durham,27705,135719.2953736655,27705,5,89,49019.0,7336.0,52256.0,27705,14.965625573757114
Durham,27707,123438.10320284698,27707,15,89,51168.0,8112.0,51851.0,27707,15.853658536585364
Durham,27712,142186.4128113879,27712,6,89,21100.0,1024.0,83418.0,27712,4.853080568720379
Durham,27713,126517.32142857143,27713,5,89,54621.0,6305.0,74077.0,27713,11.543179363248568
East Bend,27018,90645.30666666667,27018,5,90,7714.0,850.0,45714.0,27018,11.018926626912107
East Flat Rock,28726,104624.82631578947,28726,3,91,3219.0,272.0,36054.0,28726,8.449829139484311
Eden,27288,43276.87412587413,27288,7,92,23689.0,4768.0,37384.0,27288,20.127485330744232
Efland,27243,146995.09829059828,27243,2,93,4431.0,276.0,66975.0,27243,6.2288422477995935
Elizabeth City,27909,87616.26923076923,27909,12,94,39515.0,5999.0,48277.0,27909,15.181576616474755
Elkin,28621,65095.68248175183,28621,4,95,10499.0,1835.0,47034.0,28621,17.477855033812745
Ellenboro,28040,49692.22448979592,28040,1,96,7738.0,1283.0,38957.0,28040,16.580511760144738
Ellerbe,28338,65483.98351648352,28338,2,97,4663.0,530.0,45260.0,28338,11.366073343341196
Elm City,27822,67382.36956521739,27822,4,98,8459.0,1215.0,47181.0,27822,14.363399929069633
Elon,27244,93015.19727891157,27244,4,99,15535.0,2031.0,57511.0,27244,13.073704538139687
Enfield,27823,18196.183673469386,27823,3,100,7890.0,2148.0,31951.0,27823,27.224334600760454
Erwin,28339,85966.09239130435,28339,3,101,7357.0,1380.0,40464.0,28339,18.7576457795297
Etowah,28729,172114.8775510204,28729,1,102,3271.0,120.0,52702.0,28729,3.6686028737389176
Fairmont,28340,32429.954545454544,28340,5,103,9657.0,2775.0,30026.0,28340,28.73563218390805
Fairview,28730,174238.14126394052,28730,1,104,9248.0,649.0,62995.0,28730,7.017733564013841
Farmville,27828,62685.29891304348,27828,4,105,9489.0,2519.0,37305.0,27828,26.546527558225318
Fayetteville,28301,52890.49319727891,28301,15,106,17600.0,6167.0,26261.0,28301,35.03977272727273
Fayetteville,28303,62955.04761904762,28303,9,106,29414.0,5981.0,39896.0,28303,20.333854627048346
Fayetteville,28304,75807.08503401361,28304,15,106,36404.0,6624.0,48358.0,28304,18.195802659048454
Fayetteville,28305,95175.96598639456,28305,4,106,5705.0,811.0,50020.0,28305,14.215600350569675
Fayetteville,28306,61014.142857142855,28306,11,106,41944.0,7119.0,51597.0,28306,16.972630173564752
Fayetteville,28311,90987.02040816327,28311,6,106,35641.0,5681.0,47534.0,28311,15.939507870149546
Fayetteville,28312,68020.26119402985,28312,4,106,19196.0,3435.0,44683.0,28312,17.894352990206293
Fayetteville,28314,70732.86394557822,28314,6,106,58110.0,9818.0,47873.0,28314,16.89554293581139
Ferguson,28624,204319.9723320158,28624,1,107,1339.0,300.0,32432.0,28624,22.404779686333082
Flat Rock,28731,173483.2618025751,28731,2,108,8354.0,792.0,55611.0,28731,9.480488388795788
Fletcher,28732,143904.31851851853,28732,2,109,17479.0,1305.0,59993.0,28732,7.466102179758567
Forest City,28043,49372.1462585034,28043,7,110,21075.0,5102.0,35484.0,28043,24.208778173190986
Four Oaks,27524,81278.36900369004,27524,3,111,13916.0,2157.0,48052.0,27524,15.500143719459613
Franklinton,27525,66502.25543478261,27525,5,112,14323.0,2295.0,51570.0,27525,16.02317950150108
Franklinville,27248,76776.77192982456,27248,2,113,4249.0,396.0,44832.0,27248,9.319839962344082
Fremont,27830,41357.86486486487,27830,2,114,4841.0,834.0,44366.0,27830,17.227845486469732
Fuquay Varina,27526,123032.18055555556,27526,6,115,47425.0,4218.0,76880.0,27526,8.894043226146547
Garner,27529,116920.33935018051,27529,12,116,48833.0,5650.0,60801.0,27529,11.570044846722505
Gaston,27832,39206.86330935252,27832,5,117,3001.0,507.0,36089.0,27832,16.894368543818732
Gastonia,28052,75504.09701492537,28052,13,118,35302.0,9109.0,36243.0,28052,25.80307064755538
Gastonia,28054,68236.04119850187,28054,7,118,37335.0,5830.0,43422.0,28054,15.615374313646713
Gastonia,28056,86175.326007326,28056,5,118,34401.0,4085.0,63563.0,28056,11.87465480654632
Gates,27937,75856.30508474576,27937,1,119,4546.0,629.0,56523.0,27937,13.836339639243294
Gatesville,27938,81507.71186440678,27938,3,120,1261.0,47.0,47273.0,27938,3.727200634417129
Germanton,27019,96962.09523809524,27019,1,121,4139.0,267.0,57075.0,27019,6.45083353467021
Gibson,28343,30385.633333333335,28343,1,122,1404.0,315.0,39531.0,28343,22.43589743589744
Gibsonville,27249,116208.08163265306,27249,3,123,12447.0,1961.0,54516.0,27249,15.754800353498835
Gold Hill,28071,96112.63265306123,28071,1,124,2649.0,412.0,43551.0,28071,15.553038882597209
Goldsboro,27530,45366.26190476191,27530,14,125,38865.0,9883.0,36283.0,27530,25.429049273124924
Goldsboro,27534,72938.14285714286,27534,8,125,32233.0,3971.0,48270.0,27534,12.31967238544349
Goldston,27252,127307.02230483272,27252,1,126,2509.0,492.0,51854.0,27252,19.609406137903548
Graham,27253,95531.30303030302,27253,11,127,30544.0,5421.0,44902.0,27253,17.748166579360927
Granite Falls,28630,65794.31985294117,28630,6,128,20007.0,3167.0,50190.0,28630,15.829459689108813
Greensboro,27301,87707.87414965987,27301,4,129,8826.0,734.0,62490.0,27301,8.316338092000906
Greensboro,27401,65080.61224489796,27401,11,129,22105.0,4033.0,35153.0,27401,18.24474100882153
Greensboro,27403,79284.4387755102,27403,4,129,22569.0,5026.0,45566.0,27403,22.269484691390844
Greensboro,27405,63730.316326530614,27405,12,129,48990.0,12116.0,36462.0,27405,24.731577873035317
Greensboro,27406,62333.00680272109,27406,17,129,63465.0,14973.0,41097.0,27406,23.592531316473647
Greensboro,27407,85684.51360544217,27407,7,129,50288.0,8412.0,48127.0,27407,16.727648743238944
Greensboro,27408,111113.51700680272,27408,7,129,18090.0,1797.0,63965.0,27408,9.933665008291873
Greensboro,27409,76109.01700680272,27409,3,129,17532.0,2237.0,41455.0,27409,12.7595254391969
Greensboro,27410,107357.97278911565,27410,12,129,55519.0,4518.0,65755.0,27410,8.137754642554803
Greensboro,27455,106915.57823129251,27455,6,129,29020.0,1968.0,73263.0,27455,6.781529979324604
Greenville,27834,59742.832432432435,27834,10,130,56458.0,15413.0,36360.0,27834,27.299939778242234
Greenville,27858,81944.70967741935,27858,9,130,59652.0,15047.0,44751.0,27858,25.224636223429226
Grifton,28530,52928.288043478264,28530,1,131,6457.0,1111.0,36357.0,28530,17.206132879045995
Grimesland,27837,76161.86413043478,27837,1,132,6463.0,1118.0,70453.0,27837,17.298468203620608
Halifax,27839,33153.89455782313,27839,2,133,3503.0,406.0,31051.0,27839,11.590065658007422
Hamlet,28345,38740.29674796748,28345,5,134,12107.0,3188.0,34918.0,28345,26.331874122408518
Hampstead,28443,138008.83783783784,28443,5,135,22138.0,1933.0,64317.0,28443,8.731592736471226
Hamptonville,27020,94778.99137931035,27020,1,136,5717.0,990.0,39012.0,27020,17.316774532097252
Harkers Island,28531,212746.92913385827,28531,1,137,1361.0,181.0,51111.0,28531,13.299044819985307
Harmony,28634,78958.19047619047,28634,1,138,5230.0,1047.0,46447.0,28634,20.019120458891013
Harrisburg,28075,114356.55782312925,28075,4,139,18621.0,827.0,99075.0,28075,4.441222275925031
Havelock,28532,69295.03401360544,28532,9,140,22205.0,2741.0,50634.0,28532,12.344066651655032
Haw River,27258,107747.12121212122,27258,1,141,7011.0,862.0,47336.0,27258,12.294965054913707
Hays,28635,79437.00714285714,28635,2,142,3162.0,637.0,29599.0,28635,20.14547754585705
Henderson,27536,26266.619047619046,27536,7,143,16421.0,4882.0,29021.0,27536,29.730223494306074
Henderson,27537,92538.72527472528,27537,11,143,24578.0,4936.0,42363.0,27537,20.08300105785662
Hendersonville,28739,154883.6173469388,28739,1,144,21474.0,2160.0,53965.0,28739,10.05867560771165
Hendersonville,28791,170811.9387755102,28791,5,144,14954.0,1160.0,53964.0,28791,7.757121840310285
Hendersonville,28792,147319.45408163266,28792,9,144,34945.0,5441.0,45629.0,28792,15.570181714122192
Hertford,27944,164616.2912087912,27944,2,145,11969.0,1862.0,46240.0,27944,15.556855209290669
Hertford,27980,79212.32558139534,27980,1,145,1758.0,67.0,47946.0,27980,3.811149032992037
Hickory,28601,87232.62585034013,28601,12,146,51706.0,6977.0,50821.0,28601,13.493598421846595
Hickory,28602,69249.88095238095,28602,5,146,29105.0,4340.0,47493.0,28602,14.911527228998455
Hiddenite,28636,86415.13574660633,28636,2,147,5013.0,922.0,43810.0,28636,18.39218033113904
High Point,27235,121634.43537414966,27235,1,148,4557.0,147.0,89214.0,27235,3.2258064516129035
High Point,27260,33176.58490566038,27260,6,148,25761.0,8719.0,27361.0,27260,33.84573580218159
High Point,27262,51328.87074829932,27262,9,148,24379.0,5009.0,39276.0,27262,20.546371877435497
High Point,27265,92589.42857142857,27265,9,148,50139.0,4609.0,60518.0,27265,9.192445002891963
High Point,27282,95287.79591836735,27282,7,148,17835.0,1576.0,68967.0,27282,8.836557331090553
Hillsborough,27278,149541.67615658362,27278,12,149,26054.0,2705.0,71657.0,27278,10.382282950794504
Holden Beach,28462,145586.17788461538,28462,2,150,12659.0,1842.0,41243.0,28462,14.550912394343946
Hollister,27844,29487.732394366198,27844,2,151,2955.0,866.0,28170.0,27844,29.30626057529611
Holly Springs,27540,145440.90972222222,27540,7,152,37520.0,1668.0,102268.0,27540,4.445628997867804
Hope Mills,28348,65641.04081632652,28348,10,153,35673.0,4681.0,53090.0,28348,13.121968996159561
Hot Springs,28743,147071.47540983607,28743,1,154,1987.0,580.0,38018.0,28743,29.1897332662305
Hubert,28539,120709.02094240837,28539,1,155,15623.0,2282.0,52782.0,28539,14.606669653715675
Hudson,28638,66150.93014705883,28638,6,156,11698.0,2024.0,41701.0,28638,17.30210292357668
Huntersville,28078,138231.53741496598,28078,12,157,60107.0,2987.0,95874.0,28078,4.9694711098540925
Hurdle Mills,27541,136000.5407725322,27541,1,158,3718.0,548.0,64038.0,27541,14.739107046799354
Indian Trail,28079,119811.57407407407,28079,7,159,36737.0,2317.0,78407.0,28079,6.306992949887034
Iron Station,28080,78777.77551020408,28080,2,160,7941.0,1505.0,53811.0,28080,18.95227301347437
Ivanhoe,28478,65315.391304347824,28478,1,161,5114.0,728.0,39906.0,28478,14.235432147047325
Jackson,27845,35244.29457364341,27845,1,162,2876.0,598.0,33750.0,27845,20.79276773296245
Jacksonville,28540,76572.80088495575,28540,13,163,48775.0,7251.0,49970.0,28540,14.86622245002563
Jacksonville,28546,79387.90707964601,28546,10,163,46338.0,5525.0,46758.0,28546,11.923259527817345
Jarvisburg,27947,139467.4347826087,27947,1,164,1431.0,60.0,50417.0,27947,4.19287211740042
Jonesville,28642,69534.79326923077,28642,1,165,5890.0,1305.0,38750.0,28642,22.15619694397284
Kannapolis,28081,75678.58163265306,28081,5,166,27557.0,5044.0,49743.0,28081,18.303879232137025
Kannapolis,28083,74246.49659863945,28083,5,166,25540.0,3610.0,48103.0,28083,14.13469068128426
Kenly,27542,72070.34239130435,27542,2,167,9953.0,1896.0,46332.0,27542,19.049532804179645
Kernersville,27284,96704.35034013605,27284,14,168,54413.0,6184.0,61071.0,27284,11.3649311745355
Kill Devil Hills,27948,191996.34020618556,27948,3,169,11118.0,1110.0,57445.0,27948,9.983810037776578
King,27021,95760.33673469388,27021,6,170,17539.0,2407.0,50123.0,27021,13.723701465305892
Kings Mountain,28086,65950.05442176871,28086,7,171,25037.0,4397.0,42571.0,28086,17.562008227822822
Kinston,28501,27284.72429906542,28501,6,172,18334.0,5857.0,30053.0,28501,31.94611105050725
Kinston,28504,56243.23831775701,28504,6,172,21852.0,3816.0,47856.0,28504,17.462932454695224
Kittrell,27544,105786.12777777777,27544,1,173,5027.0,890.0,56382.0,27544,17.70439626019495
Kitty Hawk,27949,213932.1171875,27949,1,174,7532.0,331.0,78191.0,27949,4.394583112055232
Knightdale,27545,114456.91208791209,27545,5,175,27186.0,1815.0,63683.0,27545,6.676230412712425
Knotts Island,27950,138922.24829931973,27950,1,176,2073.0,252.0,58821.0,27950,12.156295224312592
La Grange,28551,47162.878504672895,28551,3,177,15104.0,2366.0,37293.0,28551,15.664724576271185
Lake Lure,28746,174977.47278911565,28746,1,178,2371.0,140.0,60400.0,28746,5.904681568958246
Lake Lure,28756,88300.72448979592,28756,3,178,4715.0,264.0,49452.0,28756,5.59915164369035
Lake Toxaway,28747,164539.087431694,28747,1,179,2243.0,397.0,36653.0,28747,17.699509585376727
Landis,28088,83929.25882352941,28088,2,180,2746.0,373.0,53949.0,28088,13.583394027676619
Laurel Hill,28351,26122.898832684827,28351,2,181,4698.0,873.0,36949.0,28351,18.5823754789272
Laurinburg,28352,28664.156462585033,28352,10,182,25760.0,6870.0,33657.0,28352,26.66925465838509
Lawsonville,27022,84358.86054421769,27022,2,183,1099.0,50.0,41078.0,27022,4.549590536851684
Leicester,28748,143066.79775280898,28748,1,184,12613.0,1974.0,46075.0,28748,15.650519305478475
Leland,28451,136179.8724489796,28451,5,185,33435.0,4738.0,55357.0,28451,14.170779123672798
Lenoir,28645,58770.69727891157,28645,13,186,46604.0,8246.0,38697.0,28645,17.69376019225818
Lewisville,27023,97172.2925170068,27023,1,187,13088.0,911.0,75208.0,27023,6.96057457212714
Lexington,27292,72866.40816326531,27292,16,188,39649.0,7520.0,41315.0,27292,18.966430426996894
Lexington,27295,69475.23809523809,27295,11,188,38511.0,5256.0,49195.0,27295,13.648048609488196
Liberty,27298,105547.01360544217,27298,3,189,10052.0,1586.0,45095.0,27298,15.777954635893355
Lillington,27546,74149.76630434782,27546,5,190,21313.0,3777.0,48737.0,27546,17.72157837939286
Lincolnton,28092,75750.15492957746,28092,15,191,39710.0,7532.0,47971.0,28092,18.96751447997985
Linden,28356,77191.1862745098,28356,1,192,4890.0,392.0,67609.0,28356,8.016359918200411
Littleton,27850,92244.59523809524,27850,2,193,7244.0,987.0,42176.0,27850,13.625069022639424
Locust,28097,98002.17346938775,28097,2,194,6074.0,628.0,57782.0,28097,10.339150477444845
Louisburg,27549,93579.4945054945,27549,8,195,25645.0,4465.0,47667.0,27549,17.410801325794502
Lowell,28098,98691.44360902255,28098,2,196,3629.0,747.0,51206.0,28098,20.584182970515293
Lowgap,27024,65595.98913043478,27024,1,197,3148.0,557.0,41161.0,27024,17.69377382465057
Lucama,27851,65556.54301075269,27851,2,198,5356.0,892.0,48547.0,27851,16.654219566840926
Lumber Bridge,28357,55287.65151515151,28357,2,199,2682.0,738.0,32060.0,28357,27.51677852348993
Lumberton,28358,39951.333333333336,28358,13,200,38760.0,10467.0,37858.0,28358,27.00464396284829
Lumberton,28360,55559.606060606064,28360,3,200,14931.0,3443.0,37608.0,28360,23.0594066037104
Madison,27025,61485.47735191638,27025,4,201,11387.0,1287.0,47147.0,27025,11.302362343022745
Maiden,28650,80416.69387755102,28650,4,202,11106.0,1458.0,50092.0,28650,13.128038897893028
Manteo,27954,200332.13745704468,27954,3,203,7389.0,372.0,52626.0,27954,5.034510759236703
Marion,28752,82217.76470588235,28752,11,204,30591.0,4972.0,41632.0,28752,16.25314635023373
Mars Hill,28754,156266.29591836734,28754,2,205,10138.0,1781.0,45428.0,28754,17.567567567567572
Marshall,28753,133787.55223880598,28753,4,206,9937.0,1411.0,40883.0,28753,14.19945657643152
Marshville,28103,102752.22304832714,28103,4,207,11397.0,1096.0,55116.0,28103,9.616565762920066
Matthews,28105,151482.1598639456,28105,9,208,45786.0,3056.0,75329.0,28105,6.674529332110253
Maxton,28364,28585.833333333332,28364,4,209,15183.0,4610.0,33462.0,28364,30.36290588157808
Mayodan,27027,50203.055944055945,27027,1,210,4382.0,889.0,32183.0,27027,20.287539936102235
Maysville,28555,87804.2625698324,28555,2,211,4767.0,1124.0,47527.0,28555,23.578770715334592
Mc Adenville,28101,95735.95238095238,28101,1,212,826.0,71.0,60294.0,28101,8.595641646489103
Mebane,27302,118363.47278911565,27302,7,213,31331.0,4022.0,56230.0,27302,12.837126168970027
Micro,27555,118548.72426470589,27555,1,214,672.0,193.0,30833.0,27555,28.720238095238088
Middlesex,27557,81606.38043478261,27557,1,215,7558.0,1492.0,43098.0,27557,19.74067213548558
Midland,28107,113701.42857142857,28107,1,216,7380.0,616.0,70086.0,28107,8.346883468834687
Millers Creek,28651,94450.43369175628,28651,2,217,7419.0,1829.0,35919.0,28651,24.652918183043536
Mills River,28759,171308.7142857143,28759,2,218,7488.0,547.0,63547.0,28759,7.305021367521367
Minnesott Beach,28510,192114.3947368421,28510,1,219,1503.0,77.0,57381.0,28510,5.123087159015303
Mint Hill,28227,95263.98639455783,28227,8,220,55769.0,6836.0,57752.0,28227,12.257705893955427
Misenheimer,28109,63901.545945945945,28109,1,221,340.0,5.0,-666666666.0,28109,1.4705882352941175
Mocksville,27028,90772.47027027026,27028,9,222,26044.0,4497.0,48167.0,27028,17.2669328828137
Moncure,27559,157163.79347826086,27559,1,223,2225.0,153.0,68264.0,27559,6.876404494382022
Monroe,28110,125632.52592592593,28110,13,224,53520.0,7503.0,57969.0,28110,14.019058295964124
Monroe,28112,112899.77323420074,28112,10,224,26999.0,3806.0,52745.0,28112,14.096818400681505
Mooresboro,28114,45149.8353909465,28114,1,225,7139.0,1588.0,38944.0,28114,22.244011766353825
Mooresville,28115,97938.86617100371,28115,12,226,37023.0,3765.0,62252.0,28115,10.169354185236203
Mooresville,28117,159412.58801498127,28117,7,226,39278.0,2376.0,85591.0,28117,6.049187840521412
Moravian Falls,28654,87100.89530685921,28654,2,227,3100.0,261.0,45081.0,28654,8.419354838709678
Morehead City,28557,134307.05782312926,28557,6,228,15204.0,1663.0,54528.0,28557,10.937911076032622
Morrisville,27560,162809.29963898918,27560,3,229,32801.0,2020.0,93440.0,27560,6.158348830828329
Mount Airy,27030,67446.61956521739,27030,11,230,35843.0,6440.0,36859.0,27030,17.967246045252907
Mount Airy,27053,81022.13229571984,27053,2,230,2973.0,345.0,44967.0,27053,11.604439959636732
Mount Holly,28120,94612.19413919414,28120,5,231,21119.0,2111.0,56234.0,28120,9.99573843458497
Mount Pleasant,28124,112773.95918367348,28124,3,232,6192.0,514.0,59167.0,28124,8.301033591731265
Mount Ulla,28125,131626.7196969697,28125,2,233,2262.0,161.0,63603.0,28125,7.11759504862953
Moyock,27958,144242.07482993198,27958,2,234,10988.0,745.0,84575.0,27958,6.780123771386968
Nags Head,27959,234977.45360824742,27959,2,235,2908.0,238.0,58803.0,27959,8.184319119669876
Nashville,27856,80646.67934782608,27856,3,236,16488.0,2308.0,52729.0,27856,13.998059194565744
Nebo,28761,122239.22549019608,28761,1,237,7671.0,1145.0,37889.0,28761,14.926345978360054
New Bern,28560,79274.11224489796,28560,5,238,27590.0,5108.0,46133.0,28560,18.51395433127945
New Bern,28562,88728.53401360544,28562,8,238,38598.0,3744.0,57592.0,28562,9.699984455153118
Newport,28570,124024.109375,28570,5,239,21590.0,2585.0,51569.0,28570,11.973135710977305
Newton,28658,75873.69727891157,28658,9,240,27479.0,3471.0,46977.0,28658,12.631464027075221
North Wilkesboro,28659,69106.18861209965,28659,4,241,21229.0,5178.0,33832.0,28659,24.39116303170192
Norwood,28128,78360.65986394558,28128,4,242,7056.0,883.0,45689.0,28128,12.514172335600907
Oak Ridge,27310,115593.43537414966,27310,1,243,7290.0,153.0,117039.0,27310,2.098765432098765
Oakboro,28129,90621.96598639456,28129,2,244,5287.0,433.0,50609.0,28129,8.189899754113863
Old Fort,28762,110325.11764705883,28762,1,245,6958.0,1546.0,37845.0,28762,22.219028456453003
Olin,28660,124642.61471861471,28660,2,246,1878.0,162.0,45165.0,28660,8.62619808306709
Orrum,28369,35943.21212121212,28369,1,247,2865.0,764.0,29848.0,28369,26.66666666666667
Oxford,27565,84215.74489795919,27565,10,248,25375.0,3947.0,47056.0,27565,15.554679802955663
Parkton,28371,52176.48818897638,28371,1,249,7249.0,1331.0,50523.0,28371,18.361153262518968
Pembroke,28372,43716.59090909091,28372,5,250,14022.0,3627.0,29399.0,28372,25.86649550706033
Pendleton,27862,32187.48214285714,27862,1,251,649.0,124.0,37500.0,27862,19.106317411402163
Pikeville,27863,67843.63398692811,27863,3,252,12855.0,1560.0,56724.0,27863,12.135355892648775
Pilot Mountain,27041,87715.656,27041,4,253,7947.0,1439.0,41771.0,27041,18.107461935321506
Pine Hall,27042,66193.3275261324,27042,1,254,610.0,17.0,55156.0,27042,2.7868852459016398
Pinehurst,28374,166879.08673469388,28374,1,255,17190.0,443.0,82312.0,28374,2.577079697498545
Pinetops,27864,22892.29961089494,27864,3,256,4911.0,871.0,40455.0,27864,17.735695377723477
Pinetown,27865,67428.203125,27865,2,257,2168.0,290.0,63917.0,27865,13.376383763837635
Pineville,28134,123519.48639455783,28134,2,258,11049.0,1201.0,57047.0,28134,10.869761969408996
Pinnacle,27043,102976.67346938775,27043,2,259,7094.0,884.0,51510.0,27043,12.461234846349027
Pittsboro,27312,190586.47311827957,27312,4,260,20368.0,1706.0,72315.0,27312,8.375883739198741
Pleasant Garden,27313,89286.69727891157,27313,1,261,7134.0,645.0,61914.0,27313,9.041211101766189
Pollocksville,28573,74185.27528089887,28573,1,262,2053.0,491.0,44083.0,28573,23.9162201656113
Poplar Branch,27965,94558.80272108843,27965,1,263,693.0,147.0,41250.0,27965,21.21212121212121
Princeton,27569,59473.82065217391,27569,2,264,7942.0,1380.0,43958.0,27569,17.375975824729288
Raeford,28376,59157.37704918033,28376,11,265,44328.0,7967.0,49480.0,28376,17.972838837754914
Raleigh,27601,204722.86394557822,27601,6,266,10445.0,2737.0,36781.0,27601,26.20392532312111
Raleigh,27603,154299.04761904763,27603,6,266,53803.0,9560.0,64087.0,27603,17.76852591862907
Raleigh,27604,124581.2925170068,27604,6,266,47761.0,6634.0,58626.0,27604,13.889993928100333
Raleigh,27605,187765.69047619047,27605,4,266,5490.0,725.0,62479.0,27605,13.205828779599269
Raleigh,27606,137487.8605442177,27606,11,266,46589.0,8967.0,51959.0,27606,19.247032561334226
Raleigh,27607,230077.0680272109,27607,4,266,29536.0,2870.0,77092.0,27607,9.716955579631636
Raleigh,27608,236271.31972789115,27608,3,266,11054.0,534.0,107875.0,27608,4.8308304686086485
Raleigh,27609,129716.22108843537,27609,6,266,32870.0,3395.0,58983.0,27609,10.328567082446
Raleigh,27610,118201.48979591837,27610,14,266,78475.0,15074.0,50092.0,27610,19.20866517999363
Raleigh,27612,153174.47278911565,27612,5,266,38748.0,3218.0,76765.0,27612,8.304944771343036
Raleigh,27613,149756.67346938775,27613,5,266,42933.0,1760.0,96185.0,27613,4.09941070971048
Raleigh,27614,161071.53401360544,27614,10,266,33287.0,1239.0,106469.0,27614,3.722173821612041
Raleigh,27615,122672.1530612245,27615,8,266,43461.0,2412.0,82214.0,27615,5.549803271898943
Raleigh,27616,125023.78571428571,27616,7,266,53364.0,6027.0,68084.0,27616,11.294130874747019
Raleigh,27617,166058.11240310076,27617,1,266,18856.0,1178.0,83309.0,27617,6.247348324140858
Ramseur,27316,74667.88070175439,27316,4,267,7157.0,1765.0,39570.0,27316,24.661170881654325
Randleman,27317,79174.13945578231,27317,4,268,16640.0,2666.0,43754.0,27317,16.021634615384613
Red Oak,27809,36506.283276450515,27809,4,269,5083.0,932.0,47940.0,27809,18.335628565807593
Red Springs,28377,27632.976744186046,28377,4,270,12933.0,4682.0,28176.0,28377,36.20196396814351
Reidsville,27320,51373.508532423206,27320,13,271,38634.0,6678.0,41771.0,27320,17.285292747321012
Rennert,28386,30195.279411764706,28386,1,272,5997.0,2230.0,31092.0,28386,37.185259296314825
Richfield,28137,88553.76691729324,28137,1,273,3248.0,189.0,52167.0,28137,5.818965517241379
Richlands,28574,92864.93478260869,28574,4,274,18116.0,2502.0,49267.0,28574,13.810995804813425
Roanoke Rapids,27870,39767.17346938775,27870,7,275,25792.0,6125.0,36287.0,27870,23.74767369727047
Roaring River,28669,74817.47902097902,28669,1,276,2663.0,264.0,41250.0,28669,9.913631242959069
Rockingham,28379,36689.08641975309,28379,8,277,24403.0,5713.0,36806.0,28379,23.411056017702737
Rockwell,28138,98900.11904761905,28138,2,278,9912.0,1051.0,50331.0,28138,10.603309120258272
Rocky Mount,27801,25140.224489795917,27801,6,279,19737.0,5538.0,32346.0,27801,28.058975528195766
Rocky Mount,27803,33683.40217391304,27803,3,279,18791.0,2851.0,47843.0,27803,15.172156883614495
Rocky Mount,27804,66654.87692307692,27804,9,279,29938.0,3631.0,51385.0,27804,12.128398690627296
Rocky Point,28457,103828.13664596273,28457,4,280,10303.0,2112.0,48843.0,28457,20.498883820246533
Rodanthe,27982,227815.6208791209,27982,1,281,54.0,10.0,-666666666.0,27982,18.51851851851852
Rolesville,27571,128251.35074626865,27571,4,282,6664.0,210.0,112425.0,27571,3.1512605042016806
Ronda,28670,81626.43010752689,28670,3,283,3590.0,269.0,50774.0,28670,7.493036211699164
Rowland,28383,30643.757575757576,28383,4,284,8854.0,2536.0,33952.0,28383,28.642421504404787
Roxboro,27573,59090.69387755102,27573,5,285,11158.0,3113.0,32726.0,27573,27.89926510127263
Roxboro,27574,93957.26190476191,27574,4,285,14489.0,2129.0,50483.0,27574,14.69390572158189
Ruffin,27326,68078.03928571429,27326,1,286,2872.0,499.0,49053.0,27326,17.37465181058496
Rural Hall,27045,82942.87074829932,27045,1,287,9374.0,975.0,53932.0,27045,10.401109451674843
Rutherfordton,28139,77539.24149659864,28139,4,288,20900.0,2510.0,45053.0,28139,12.009569377990433
Saint Pauls,28384,25651.050925925927,28384,3,289,11199.0,2468.0,32744.0,28384,22.037681935887125
Salisbury,28144,69247.37647058823,28144,4,290,25158.0,4766.0,43136.0,28144,18.94427219969791
Salisbury,28146,103851.38823529411,28146,7,290,27496.0,4264.0,51806.0,28146,15.507710212394528
Salisbury,28147,99805.4705882353,28147,4,290,24878.0,4395.0,49048.0,28147,17.666211110217862
Sandy Ridge,27046,71646.26506024097,27046,1,291,1922.0,242.0,38589.0,27046,12.59105098855359
Sanford,27330,58839.01700680272,27330,13,292,39279.0,6191.0,48744.0,27330,15.761602892130654
Sanford,27332,87158.05442176871,27332,4,292,31629.0,4352.0,57649.0,27332,13.759524487021404
Saxapahaw,27340,372321.86363636365,27340,1,293,41.0,0.0,-666666666.0,27340,0.0
Scotland Neck,27874,17910.233606557376,27874,2,294,3766.0,915.0,36023.0,27874,24.296335634625603
Seagrove,27341,83892.52631578948,27341,2,295,5263.0,471.0,44789.0,27341,8.949268478054343
Selma,27576,63504.44117647059,27576,2,296,18104.0,4918.0,38676.0,27576,27.16526734423332
Semora,27343,246718.00436681224,27343,1,297,1579.0,290.0,64244.0,27343,18.36605446485117
Seven Lakes,27376,123024.64285714286,27376,3,298,8998.0,811.0,63278.0,27376,9.013114025338963
Seven Springs,28578,65170.861940298506,28578,1,299,6858.0,1926.0,44288.0,28578,28.083989501312328
Shallotte,28470,113327.01098901099,28470,2,300,12089.0,2359.0,39636.0,28470,19.513607411696587
Shawboro,27973,116185.04761904762,27973,1,301,1143.0,146.0,41736.0,27973,12.773403324584427
Shelby,28150,63956.71768707483,28150,8,302,27581.0,6350.0,38328.0,28150,23.023095609296256
Shelby,28152,60216.78911564626,28152,10,302,25348.0,5132.0,41492.0,28152,20.246173268107942
Sherrills Ford,28673,252884.41836734695,28673,1,303,6307.0,275.0,78479.0,28673,4.360234659901697
Siler City,27344,90770.37410071942,27344,7,304,18798.0,3720.0,42680.0,27344,19.78933929141398
Sims,27880,70025.25824175825,27880,1,305,3242.0,589.0,65768.0,27880,18.167797655768048
Smithfield,27577,77121.54981549816,27577,8,306,25330.0,4465.0,46508.0,27577,17.627319384129493
Smyrna,28579,133655.83414634145,28579,1,307,554.0,129.0,46964.0,28579,23.28519855595668
Snow Camp,27349,122450.36781609195,27349,1,308,5500.0,436.0,52547.0,27349,7.927272727272728
Sophia,27350,110925.02380952382,27350,1,309,6021.0,569.0,44147.0,27350,9.450257432320214
Southern Pines,28387,160911.8724489796,28387,3,310,15526.0,2017.0,60617.0,28387,12.991111683627462
Spencer,28159,65490.50588235294,28159,3,311,2908.0,698.0,38125.0,28159,24.002751031636862
Spindale,28160,33961.833333333336,28160,2,312,3586.0,433.0,36199.0,28160,12.07473508087005
Spring Hope,27882,69460.90760869565,27882,2,313,7637.0,1827.0,42587.0,27882,23.923006416131987
Spring Lake,28390,79252.71428571429,28390,8,314,23790.0,4763.0,46600.0,28390,20.021017234131985
Stallings,28104,139547.41156462586,28104,5,315,31085.0,1349.0,104745.0,28104,4.339713688274086
Stanfield,28163,106147.71428571429,28163,1,316,5469.0,416.0,64559.0,28163,7.606509416712378
Stanley,28164,82235.53731343284,28164,3,317,15099.0,1140.0,56762.0,28164,7.550168885356648
Stantonsburg,27883,55498.2054054054,27883,2,318,2970.0,592.0,44561.0,27883,19.932659932659927
State Road,28676,79095.58759124088,28676,2,319,4028.0,492.0,52543.0,28676,12.21449851042701
Statesville,28625,94158.51685393258,28625,6,320,39518.0,4945.0,50216.0,28625,12.513285085277596
Statesville,28677,74283.9219330855,28677,15,320,34545.0,6196.0,45191.0,28677,17.936025474019395
Stedman,28391,75087.83333333333,28391,2,321,5984.0,1268.0,52762.0,28391,21.18983957219251
Stem,27581,121771.93197278911,27581,1,322,4832.0,112.0,63667.0,27581,2.3178807947019866
Stokes,27884,96898.36216216216,27884,1,323,1301.0,0.0,60147.0,27884,0.0
Stokesdale,27357,92115.47278911565,27357,1,324,8652.0,1195.0,61101.0,27357,13.811835413777162
Stoneville,27048,60142.71228070175,27048,1,325,8059.0,1432.0,53154.0,27048,17.768953964511727
Stony Point,28678,110513.54406130269,28678,1,326,6577.0,650.0,48083.0,28678,9.882925345902386
Sugar Grove,28679,165814.48979591837,28679,2,327,1740.0,202.0,46250.0,28679,11.609195402298852
Summerfield,27358,93788.90136054422,27358,2,328,15184.0,765.0,90909.0,27358,5.038198103266597
Sunbury,27979,61126.35,27979,1,329,1547.0,53.0,59688.0,27979,3.425985778926956
Surf City,28445,243144.98378378377,28445,3,330,7278.0,910.0,59766.0,28445,12.503435009618027
Swannanoa,28778,146277.23703703703,28778,4,331,9939.0,1562.0,46265.0,28778,15.71586678740316
Swansboro,28584,144589.73046875,28584,5,332,12265.0,1620.0,59102.0,28584,13.208316347329802
Sylva,28779,142813.84699453553,28779,5,333,18141.0,2513.0,53582.0,28779,13.852599084945702
Tarboro,27886,35956.244897959186,27886,10,334,20450.0,4240.0,35959.0,27886,20.73349633251833
Taylorsville,28681,92803.80540540541,28681,7,335,25636.0,3254.0,45788.0,28681,12.693087845217665
Thomasville,27360,56031.92857142857,27360,12,336,45603.0,7386.0,43661.0,27360,16.19630287481087
Timberlake,27583,109680.77891156463,27583,1,337,7020.0,505.0,58274.0,27583,7.193732193732194
Tobaccoville,27050,100079.64285714286,27050,1,338,3995.0,343.0,54167.0,27050,8.585732165206508
Traphill,28685,127046.25357142858,28685,1,339,1979.0,548.0,37813.0,28685,27.69075290550783
Trenton,28585,51603.041176470586,28585,3,340,3674.0,1190.0,31600.0,28585,32.38976592270005
Trinity,27370,68653.67719298246,27370,7,341,15678.0,1714.0,51748.0,27370,10.932516902666157
Troutman,28166,106638.67557251909,28166,3,342,9394.0,1050.0,61406.0,28166,11.177347242921014
Union Grove,28689,119114.50367647059,28689,1,343,2071.0,346.0,61000.0,28689,16.70690487687107
Vale,28168,96220.71428571429,28168,3,344,10056.0,1173.0,47888.0,28168,11.664677804295941
Vanceboro,28586,76986.84375,28586,2,345,7259.0,1615.0,35500.0,28586,22.248243559718965
Vass,28394,101413.15816326531,28394,2,346,5303.0,1113.0,47018.0,28394,20.988119932113896
Vilas,28692,179899.05782312926,28692,1,347,3941.0,409.0,56361.0,28692,10.378076630296876
Wade,28395,55204.40625,28395,1,348,2466.0,216.0,54656.0,28395,8.75912408759124
Wagram,28396,37953.09565217391,28396,1,349,2620.0,711.0,44901.0,28396,27.137404580152673
Wake Forest,27587,138467.0068027211,27587,11,350,66583.0,3624.0,92878.0,27587,5.442830752594506
Walkertown,27051,91953.62244897959,27051,4,351,7678.0,824.0,47940.0,27051,10.731961448293827
Walnut Cove,27052,76419.54081632652,27052,5,352,9906.0,1724.0,39460.0,27052,17.403593781546537
Washington,27889,60894.04421768708,27889,7,353,26576.0,5692.0,40740.0,27889,21.41782059000602
Waxhaw,28173,144593.84415584416,28173,12,354,56910.0,2124.0,116043.0,28173,3.7322087506589354
Waynesville,28785,172437.11290322582,28785,1,355,7811.0,890.0,58551.0,28785,11.394187684035337
Waynesville,28786,144667.85483870967,28786,6,355,20821.0,2754.0,48486.0,28786,13.227030401997984
Weaverville,28787,171754.22222222222,28787,6,356,21314.0,2495.0,53258.0,28787,11.705920990897999
Weldon,27890,12608.087452471484,27890,3,357,2778.0,1230.0,28264.0,27890,44.27645788336933
Wendell,27591,109351.24567474048,27591,10,358,21098.0,2106.0,62651.0,27591,9.981988814105602
Whispering Pines,28327,104440.60204081633,28327,4,359,16192.0,2051.0,53080.0,28327,12.666749011857707
Whitakers,27891,36513.32905982906,27891,1,360,5356.0,1229.0,42656.0,27891,22.946228528752798
Whittier,28789,149152.25268817204,28789,1,361,5281.0,750.0,40708.0,28789,14.201855709145994
Wilkesboro,28697,89618.02721088435,28697,4,362,13638.0,2148.0,46769.0,28697,15.750109986801586
Willow Spring,27592,124231.85273972603,27592,2,363,15588.0,1451.0,67820.0,27592,9.308442391583267
Wilmington,28401,112053.33070866142,28401,9,364,24279.0,7487.0,33309.0,28401,30.83734914947074
Wilmington,28403,129758.94881889764,28403,8,364,40919.0,10576.0,37235.0,28403,25.846183924338327
Wilmington,28405,129674.29921259843,28405,9,364,32330.0,5569.0,54544.0,28405,17.225487163625118
Wilmington,28409,145088.00787401575,28409,4,364,34180.0,2938.0,78761.0,28409,8.595669982445875
Wilmington,28411,157376.11904761905,28411,2,364,37995.0,3639.0,72045.0,28411,9.57757599684169
Wilmington,28412,120495.36507936507,28412,9,364,38213.0,6231.0,52306.0,28412,16.305969172794594
Wilson,27813,62965.386666666665,27813,1,365,825.0,220.0,35625.0,27813,26.66666666666667
Wilson,27893,41205.875,27893,18,365,39372.0,11414.0,34210.0,27893,28.990145280910287
Wilson,27896,89806.05978260869,27896,2,365,20681.0,1860.0,63792.0,27896,8.993762390600066
Wingate,28174,100729.65298507463,28174,2,366,9284.0,1729.0,48936.0,28174,18.623438173201208
Winnabow,28479,135358.0576923077,28479,1,367,6274.0,634.0,59175.0,28479,10.105196047178833
Winston-Salem,27040,111706.0612244898,27040,2,368,11803.0,1176.0,73442.0,27040,9.96356858425824
Winston-Salem,27101,69164.1836734694,27101,10,368,19681.0,5935.0,31805.0,27101,30.155988008739392
Winston-Salem,27103,102225.17346938775,27103,4,368,34993.0,5856.0,49623.0,27103,16.73477552653388
Winston-Salem,27104,93489.26870748299,27104,6,368,27892.0,2509.0,64579.0,27104,8.995410870500502
Winston-Salem,27105,35967.35227272727,27105,13,368,40530.0,11089.0,33937.0,27105,27.359980261534663
Winston-Salem,27106,81011.93197278911,27106,13,368,48351.0,8233.0,49947.0,27106,17.027569233314722
Winston-Salem,27107,62915.489795918365,27107,7,368,47610.0,12051.0,42787.0,27107,25.31190926275993
Winston-Salem,27127,74922.13265306123,27127,9,368,39902.0,7308.0,48262.0,27127,18.31487143501579
Winterville,28590,67002.08108108108,28590,5,369,24613.0,2747.0,65594.0,28590,11.16076869946776
Woodleaf,27054,82650.5294117647,27054,1,370,2388.0,161.0,70101.0,27054,6.742043551088778
Wrightsville Beach,28480,603578.3736263736,28480,1,371,2536.0,216.0,83417.0,28480,8.517350157728707
Yadkinville,27055,86084.99456521739,27055,4,372,14131.0,1855.0,44574.0,27055,13.127167221003466
Youngsville,27596,139581.9027027027,27596,3,373,18359.0,1624.0,70535.0,27596,8.845797701399858
Zebulon,27597,103068.20069204153,27597,5,374,23538.0,2995.0,58514.0,27597,12.724105701418983
Zionville,28698,157389.32,28698,1,375,2247.0,511.0,42609.0,28698,22.741433021806852
