City,RegionName,avg,zip,count,population,poverty_count,median_household_income,zipcode,poverty_rate
0,28315,216032.02551020408,28315,4,13700.0,2826.0,51725.0,28315,20.62773722627737
1,27006,322164.6195652174,27006,2,14555.0,932.0,78095.0,27006,6.403297835795258
2,28001,161291.03741496598,28001,8,26601.0,5208.0,45121.0,28001,19.578211345438138
3,27501,209262.44852941178,27501,5,21299.0,2601.0,56338.0,27501,12.21184093149913
4,27502,282296.24149659864,27502,7,40280.0,2248.0,110513.0,27502,5.580933465739823
4,27523,310453.2244897959,27523,3,11629.0,685.0,102368.0,27523,5.890446298047984
4,27539,338619.1700680272,27539,5,23436.0,1111.0,105526.0,27539,4.7405700631507095
5,27263,175611.0068027211,27263,5,22028.0,3042.0,44454.0,27263,13.80969674959143
6,28704,330783.92910447763,28704,3,19060.0,1563.0,63223.0,28704,8.200419727177334
7,28420,192996.2122905028,28420,2,3845.0,639.0,53519.0,28420,16.618985695708712
8,27203,138211.53684210527,27203,8,21684.0,5360.0,34131.0,27203,24.71868658919018
8,27205,235137.42456140352,27205,7,34517.0,5316.0,47008.0,27205,15.401106701045858
9,28801,316680.33208955225,28801,5,13683.0,3113.0,33504.0,28801,22.75085872981071
9,28803,389884.9222222222,28803,9,33756.0,3072.0,50475.0,28803,9.100604337006754
9,28804,391651.3222222222,28804,2,22189.0,2553.0,59855.0,28804,11.50570102302943
9,28805,297884.8185185185,28805,3,19818.0,2187.0,49893.0,28805,11.035422343324251
9,28806,227124.53159851301,28806,12,42650.0,6165.0,46726.0,28806,14.454865181711607
10,28511,128143.22047244094,28511,1,566.0,107.0,38125.0,28511,18.904593639575968
11,27806,85419.84351145038,27806,1,2664.0,490.0,37582.0,27806,18.39339339339339
12,28513,135224.90862944163,28513,3,10321.0,2091.0,48269.0,28513,20.259664761166555
13,28009,102933.86394557822,28009,1,1221.0,167.0,33261.0,28009,13.677313677313675
14,27503,304297.59057971014,27503,1,6328.0,170.0,81016.0,27503,2.6864728192161818
15,27807,169196.53846153847,27807,2,6415.0,866.0,45422.0,27807,13.499610288386593
16,28604,279267.1258503401,28604,2,7635.0,918.0,51280.0,28604,12.023575638506875
17,27917,174539.56666666668,27917,3,734.0,391.0,29684.0,27917,53.26975476839236
18,28709,268359.531598513,28709,1,2302.0,175.0,47250.0,28709,7.602085143353605
19,27808,279985.8185328185,27808,1,1939.0,169.0,48079.0,27808,8.715832903558535
20,28515,130243.23008849558,28515,4,2584.0,507.0,29292.0,28515,19.620743034055728
21,27207,217760.20588235295,27207,1,3149.0,502.0,55625.0,27207,15.941568751984756
22,28516,286879.9557823129,28516,4,11268.0,1665.0,48668.0,28516,14.776357827476039
23,28012,275177.65201465203,28012,7,22968.0,2135.0,66910.0,28012,9.29554162312783
24,28090,111784.94897959183,28090,2,8473.0,2121.0,33151.0,28090,25.032456036822854
25,27208,214590.25683060108,27208,2,1847.0,331.0,42128.0,27208,17.920952896589068
26,27504,198555.45955882352,27504,5,15182.0,3153.0,46944.0,27504,20.76801475431432
27,28016,141872.9706959707,28016,5,13046.0,2484.0,44313.0,28016,19.040318871684807
28,27812,109370.89304812835,27812,2,2762.0,694.0,38944.0,27812,25.126719768283852
29,28711,299645.72222222225,28711,3,13398.0,880.0,45329.0,28711,6.568144499178983
30,28605,462486.2925170068,28605,1,3428.0,375.0,60172.0,28605,10.939323220536757
31,28461,473087.875,28461,4,19897.0,1471.0,64418.0,28461,7.393074332813993
32,28422,320426.21256038646,28422,4,8404.0,1810.0,45183.0,28422,21.53736316039981
33,28606,76607.11764705883,28606,1,1689.0,265.0,31308.0,28606,15.689757252812312
34,28607,296618.8537414966,28607,5,35523.0,10533.0,41143.0,28607,29.651211890887595
35,27011,133465.80666666667,27011,3,5380.0,906.0,37167.0,27011,16.840148698884757
36,28018,144685.88095238095,28018,3,4699.0,757.0,36108.0,28018,16.109810597999573
37,28712,290295.87978142075,28712,6,20017.0,2894.0,46490.0,28712,14.457710945696158
37,28772,337195.17391304346,28772,3,1061.0,51.0,45670.0,28772,4.806786050895382
38,27505,171945.16666666666,27505,1,5862.0,898.0,47696.0,27505,15.31900375298533
39,27214,213274.69047619047,27214,3,10773.0,781.0,67895.0,27214,7.24960549521953
40,27508,157409.35483870967,27508,3,1326.0,163.0,42981.0,27508,12.292609351432882
41,28323,176525.79032258064,28323,2,3899.0,704.0,52351.0,28323,18.055911772249296
42,28425,183986.35135135136,28425,6,11634.0,2161.0,40211.0,28425,18.574866769812623
43,27215,231789.51020408163,27215,8,41204.0,6435.0,47420.0,27215,15.617415784875258
43,27217,144079.35034013606,27217,7,37624.0,7957.0,40114.0,27217,21.14873485009568
44,27509,146562.25170068027,27509,2,6285.0,1325.0,41467.0,27509,21.081941129673826
45,27920,302320.0873015873,27920,2,1327.0,542.0,48796.0,27920,40.84400904295404
46,27921,264918.5808080808,27921,5,4889.0,595.0,63563.0,27921,12.170177950501126
47,28326,212590.97894736842,28326,5,23385.0,3280.0,61299.0,28326,14.026085097284586
48,28715,304969.04814814817,28715,5,26318.0,3319.0,53594.0,28715,12.611140664184209
49,28716,180681.02717391305,28716,5,17807.0,2681.0,49018.0,28716,15.055876902341776
50,28428,365551.85039370076,28428,1,6533.0,603.0,71250.0,28428,9.230062758303994
51,27510,350472.2719665272,27510,3,15528.0,2471.0,53155.0,27510,15.91318907779495
52,27511,256227.5,27511,7,34525.0,3653.0,74339.0,27511,10.580738595220852
52,27513,298367.42176870746,27513,7,44821.0,2443.0,92858.0,27513,5.45057004529127
52,27518,353947.819112628,27518,1,20875.0,918.0,106833.0,27518,4.3976047904191615
52,27519,340502.4232081911,27519,11,55111.0,1916.0,130337.0,27519,3.4766199125401465
53,28020,166786.70325203252,28020,1,2082.0,301.0,42700.0,28020,14.457252641690678
54,28717,1019793.7243243243,28717,3,1640.0,240.0,41108.0,28717,14.634146341463413
55,28429,226143.53260869565,28429,3,7525.0,707.0,49346.0,28429,9.395348837209305
56,28609,245033.90476190476,28609,3,5788.0,467.0,59495.0,28609,8.068417415342086
57,27514,467257.3054393305,27514,5,32304.0,3901.0,70849.0,27514,12.075903912828133
57,27516,381197.6487455197,27516,13,41551.0,5747.0,85615.0,27516,13.83119539842603
57,27517,436292.97864768683,27517,5,24092.0,2085.0,84940.0,27517,8.654325087165864
58,28202,483820.7789115646,28202,4,12745.0,1354.0,90972.0,28202,10.623774029030992
58,28203,615270.7006802721,28203,2,15946.0,2313.0,81094.0,28203,14.505205067101466
58,28204,513720.0442176871,28204,3,6725.0,1148.0,61700.0,28204,17.070631970260223
58,28205,296312.0680272109,28205,11,48539.0,10702.0,49378.0,28205,22.04824986093657
58,28206,109350.29591836735,28206,6,11919.0,3480.0,31617.0,28206,29.197080291970803
58,28207,891794.6020408163,28207,2,9539.0,485.0,129886.0,28207,5.08439039731628
58,28208,126528.58503401361,28208,11,39700.0,9954.0,34925.0,28208,25.073047858942065
58,28209,461309.7074829932,28209,6,22694.0,2830.0,72535.0,28209,12.47025645545078
58,28210,337754.27210884355,28210,8,48304.0,5086.0,68692.0,28210,10.529148724743294
58,28211,429972.35034013604,28211,8,30789.0,3507.0,84366.0,28211,11.390431647666373
58,28212,145418.76530612246,28212,8,45694.0,11593.0,39439.0,28212,25.370945857224147
58,28213,179050.14965986394,28213,4,40724.0,8142.0,43984.0,28213,19.993124447500247
58,28214,173103.01700680272,28214,8,41356.0,5248.0,60837.0,28214,12.68981526259793
58,28215,170277.19047619047,28215,10,62533.0,10998.0,50305.0,28215,17.587513792717445
58,28216,172122.28911564627,28216,8,51116.0,7238.0,48647.0,28216,14.159949917833949
58,28217,136738.35714285713,28217,3,29410.0,6806.0,49230.0,28217,23.141788507310444
58,28226,343919.8333333333,28226,2,39631.0,2604.0,94492.0,28226,6.570613913350661
58,28262,180577.80952380953,28262,11,43046.0,7613.0,53261.0,28262,17.68573154300051
58,28269,201168.8843537415,28269,10,76811.0,5341.0,64803.0,28269,6.953431149184363
58,28270,313179.93537414965,28270,3,35059.0,1273.0,95224.0,28270,3.6310219915000426
58,28273,189053.5612244898,28273,10,39483.0,3705.0,63687.0,28273,9.383785426639315
58,28277,320594.1394557823,28277,11,71605.0,2660.0,105885.0,28277,3.7148243837720822
58,28278,249090.27891156462,28278,4,27286.0,1257.0,90282.0,28278,4.606758044418383
59,28021,165227.56505576207,28021,4,13991.0,1864.0,45606.0,28021,13.322850403831037
60,28023,241765.4,28023,7,15623.0,2442.0,54626.0,28023,15.630800742495039
61,27817,304810.15646258503,27817,3,7773.0,1391.0,50526.0,27817,17.895278528238773
62,28610,184581.10544217686,28610,5,10120.0,964.0,55997.0,28610,9.525691699604744
63,27520,220108.3775510204,27520,8,40611.0,2700.0,65190.0,27520,6.6484450025855075
63,27527,257701.6936170213,27527,4,23160.0,1307.0,87313.0,27527,5.643350604490501
64,27012,257147.05102040817,27012,4,27478.0,1580.0,80045.0,27012,5.750054589125846
65,27013,201513.51865671642,27013,2,6135.0,871.0,51372.0,27013,14.197229013854933
66,27233,205841.72448979592,27233,1,3643.0,168.0,67278.0,27233,4.611583859456491
67,28721,238188.19565217392,28721,4,10152.0,1622.0,46290.0,28721,15.977147360126086
68,27521,179808.14054054054,27521,1,6111.0,1279.0,44231.0,27521,20.929471444935363
69,28611,240070.9375,28611,1,1162.0,171.0,61810.0,28611,14.716006884681585
70,27925,100355.82517482518,27925,3,3991.0,863.0,37674.0,27925,21.623653219744426
71,28025,210360.5306122449,28025,14,54829.0,8376.0,54774.0,28025,15.27658720749968
71,28027,238144.42517006802,28027,17,63423.0,4694.0,71067.0,28027,7.40110054712013
72,28612,151745.19696969696,28612,4,12338.0,2390.0,37813.0,28612,19.37104879234884
73,28613,185435.74829931973,28613,5,22233.0,3053.0,54585.0,28613,13.73184005757208
74,27820,70688.18791946309,27820,2,2211.0,424.0,39839.0,27820,19.17684305744007
75,27014,130013.48587570622,27014,1,854.0,260.0,37143.0,27014,30.444964871194376
76,28031,343625.7789115646,28031,5,27460.0,2034.0,89823.0,28031,7.407137654770576
77,27927,421638.4090909091,27927,1,932.0,89.0,65795.0,27927,9.549356223175966
78,28523,145365.8015873016,28523,1,2364.0,299.0,62533.0,28523,12.648054145516074
79,28032,354734.2148148148,28032,1,3296.0,570.0,59071.0,28032,17.29368932038835
80,27522,187071.10544217686,27522,7,11861.0,1133.0,65589.0,27522,9.55231430739398
81,28723,342605.0923913043,28723,1,11182.0,2562.0,33180.0,28723,22.9118225719907
82,27929,256894.79591836734,27929,1,1711.0,104.0,80185.0,27929,6.078316773816482
83,28034,159083.20146520148,28034,5,17327.0,2486.0,46423.0,28034,14.347550066370404
84,27016,157039.515625,27016,1,1395.0,145.0,50263.0,27016,10.394265232974911
85,28036,395343.7755102041,28036,2,17824.0,700.0,117685.0,28036,3.927289048473968
86,28525,125190.04864864865,28525,1,2919.0,709.0,36373.0,28525,24.289140116478247
87,27239,200456.90476190476,27239,3,9066.0,1268.0,48091.0,27239,13.986322523714977
88,28037,367759.72300469485,28037,6,20110.0,1449.0,75516.0,28037,7.2053704624564885
89,27017,174732.45652173914,27017,6,9236.0,1461.0,41201.0,27017,15.818536162841056
90,28333,106729.58503401361,28333,3,11075.0,4797.0,30172.0,28333,43.313769751693
91,28334,156135.10884353743,28334,7,24780.0,6009.0,36751.0,28334,24.24939467312349
92,27701,243018.63345195728,27701,8,22849.0,6448.0,36606.0,27701,28.220053394021626
92,27703,215141.96085409253,27703,13,51163.0,7943.0,60438.0,27703,15.52489103453668
92,27704,169773.487544484,27704,12,39281.0,8620.0,46720.0,27704,21.9444515160001
92,27705,322801.5943060498,27705,5,49019.0,7336.0,52256.0,27705,14.965625573757114
92,27707,289344.29893238435,27707,15,51168.0,8112.0,51851.0,27707,15.853658536585364
92,27712,243823.14946619218,27712,6,21100.0,1024.0,83418.0,27712,4.853080568720379
92,27713,254019.5480427046,27713,5,54621.0,6305.0,74077.0,27713,11.543179363248568
93,27018,159916.44,27018,5,7714.0,850.0,45714.0,27018,11.018926626912107
94,28726,175227.33163265305,28726,3,3219.0,272.0,36054.0,28726,8.449829139484311
95,27288,135504.98961937716,27288,7,23689.0,4768.0,37384.0,27288,20.127485330744232
96,27243,291680.4267782427,27243,2,4431.0,276.0,66975.0,27243,6.2288422477995935
97,27909,216472.90860215054,27909,12,39515.0,5999.0,48277.0,27909,15.181576616474755
98,28621,156633.02545454545,28621,4,10499.0,1835.0,47034.0,28621,17.477855033812745
99,28040,122258.7925170068,28040,1,7738.0,1283.0,38957.0,28040,16.580511760144738
100,28338,124774.47474747474,28338,2,4663.0,530.0,45260.0,28338,11.366073343341196
101,27822,189924.158974359,27822,4,8459.0,1215.0,47181.0,27822,14.363399929069633
102,27244,236222.9149659864,27244,4,15535.0,2031.0,57511.0,27244,13.073704538139687
103,27823,70285.49659863945,27823,3,7890.0,2148.0,31951.0,27823,27.224334600760454
104,28339,120001.76086956522,28339,3,7357.0,1380.0,40464.0,28339,18.7576457795297
105,28729,268300.92346938775,28729,1,3271.0,120.0,52702.0,28729,3.6686028737389176
106,28340,87622.5,28340,5,9657.0,2775.0,30026.0,28340,28.73563218390805
107,28730,391060.8134328358,28730,1,9248.0,649.0,62995.0,28730,7.017733564013841
109,27828,144589.58288770053,27828,4,9489.0,2519.0,37305.0,27828,26.546527558225318
110,28301,113731.80952380953,28301,15,17600.0,6167.0,26261.0,28301,35.03977272727273
110,28303,179251.16326530612,28303,9,29414.0,5981.0,39896.0,28303,20.333854627048346
110,28304,166848.7857142857,28304,15,36404.0,6624.0,48358.0,28304,18.195802659048454
110,28305,274623.2448979592,28305,4,5705.0,811.0,50020.0,28305,14.215600350569675
110,28306,207066.94217687074,28306,11,41944.0,7119.0,51597.0,28306,16.972630173564752
110,28311,195622.9319727891,28311,6,35641.0,5681.0,47534.0,28311,15.939507870149546
110,28312,210699.8843537415,28312,4,19196.0,3435.0,44683.0,28312,17.894352990206293
110,28314,155511.268707483,28314,6,58110.0,9818.0,47873.0,28314,16.89554293581139
111,28624,137279.4356846473,28624,1,1339.0,300.0,32432.0,28624,22.404779686333082
112,28731,471416.5816326531,28731,2,8354.0,792.0,55611.0,28731,9.480488388795788
113,28732,291163.7180451128,28732,2,17479.0,1305.0,59993.0,28732,7.466102179758567
114,28043,132558.08843537414,28043,7,21075.0,5102.0,35484.0,28043,24.208778173190986
115,27524,175096.38970588235,27524,3,13916.0,2157.0,48052.0,27524,15.500143719459613
116,27525,200032.96598639456,27525,5,14323.0,2295.0,51570.0,27525,16.02317950150108
117,27248,124749.67719298246,27248,2,4249.0,396.0,44832.0,27248,9.319839962344082
118,27830,138273.08843537414,27830,2,4841.0,834.0,44366.0,27830,17.227845486469732
119,27526,250377.66326530612,27526,6,47425.0,4218.0,76880.0,27526,8.894043226146547
120,27529,232556.25342465754,27529,12,48833.0,5650.0,60801.0,27529,11.570044846722505
121,27832,148869.261682243,27832,5,3001.0,507.0,36089.0,27832,16.894368543818732
122,28052,121953.31868131868,28052,13,35302.0,9109.0,36243.0,28052,25.80307064755538
122,28054,169453.58974358975,28054,7,37335.0,5830.0,43422.0,28054,15.615374313646713
122,28056,237693.7912087912,28056,5,34401.0,4085.0,63563.0,28056,11.87465480654632
123,27937,125038.85245901639,27937,1,4546.0,629.0,56523.0,27937,13.836339639243294
124,27938,133714.34065934067,27938,3,1261.0,47.0,47273.0,27938,3.727200634417129
125,27019,169170.17346938775,27019,1,4139.0,267.0,57075.0,27019,6.45083353467021
126,28343,108832.86413043478,28343,1,1404.0,315.0,39531.0,28343,22.43589743589744
127,27249,195785.09523809524,27249,3,12447.0,1961.0,54516.0,27249,15.754800353498835
128,28071,206919.43295019158,28071,1,2649.0,412.0,43551.0,28071,15.553038882597209
129,27530,169701.03741496598,27530,14,38865.0,9883.0,36283.0,27530,25.429049273124924
129,27534,191197.10204081633,27534,8,32233.0,3971.0,48270.0,27534,12.31967238544349
130,27252,216048.59615384616,27252,1,2509.0,492.0,51854.0,27252,19.609406137903548
131,27253,220756.28787878787,27253,11,30544.0,5421.0,44902.0,27253,17.748166579360927
132,28630,200056.45419847328,28630,6,20007.0,3167.0,50190.0,28630,15.829459689108813
133,27301,176677.9693877551,27301,4,8826.0,734.0,62490.0,27301,8.316338092000906
133,27401,134183.6156462585,27401,11,22105.0,4033.0,35153.0,27401,18.24474100882153
133,27403,254135.80272108843,27403,4,22569.0,5026.0,45566.0,27403,22.269484691390844
133,27405,137483.48979591837,27405,12,48990.0,12116.0,36462.0,27405,24.731577873035317
133,27406,171960.30952380953,27406,17,63465.0,14973.0,41097.0,27406,23.592531316473647
133,27407,198833.28231292518,27407,7,50288.0,8412.0,48127.0,27407,16.727648743238944
133,27408,322231.0442176871,27408,7,18090.0,1797.0,63965.0,27408,9.933665008291873
133,27409,205239.18707482994,27409,3,17532.0,2237.0,41455.0,27409,12.7595254391969
133,27410,243265.59863945577,27410,12,55519.0,4518.0,65755.0,27410,8.137754642554803
133,27455,318731.84013605444,27455,6,29020.0,1968.0,73263.0,27455,6.781529979324604
134,27834,192180.58375634518,27834,10,56458.0,15413.0,36360.0,27834,27.299939778242234
134,27858,244387.34517766497,27858,9,59652.0,15047.0,44751.0,27858,25.224636223429226
135,28530,125849.12313432836,28530,1,6457.0,1111.0,36357.0,28530,17.206132879045995
136,27837,250008.36040609138,27837,1,6463.0,1118.0,70453.0,27837,17.298468203620608
137,28073,117778.91496598639,28073,1,5366.0,836.0,39971.0,28073,15.579575102497206
138,27839,91212.25510204081,27839,2,3503.0,406.0,31051.0,27839,11.590065658007422
139,28345,80117.09465020576,28345,5,12107.0,3188.0,34918.0,28345,26.331874122408518
140,28443,306785.6989247312,28443,5,22138.0,1933.0,64317.0,28443,8.731592736471226
141,27020,152321.0218579235,27020,1,5717.0,990.0,39012.0,27020,17.316774532097252
142,28531,386564.0170068027,28531,1,1361.0,181.0,51111.0,28531,13.299044819985307
143,28634,172120.78879310345,28634,1,5230.0,1047.0,46447.0,28634,20.019120458891013
144,28075,255863.2142857143,28075,4,18621.0,827.0,99075.0,28075,4.441222275925031
145,28532,138939.06462585033,28532,9,22205.0,2741.0,50634.0,28532,12.344066651655032
146,27258,232268.80303030304,27258,1,7011.0,862.0,47336.0,27258,12.294965054913707
147,28635,134015.3775510204,28635,2,3162.0,637.0,29599.0,28635,20.14547754585705
148,27536,150635.26530612246,27536,7,16421.0,4882.0,29021.0,27536,29.730223494306074
148,27537,141470.14285714287,27537,11,24578.0,4936.0,42363.0,27537,20.08300105785662
149,28739,377868.3469387755,28739,1,21474.0,2160.0,53965.0,28739,10.05867560771165
149,28791,313462.73979591834,28791,5,14954.0,1160.0,53964.0,28791,7.757121840310285
149,28792,247475.16836734695,28792,9,34945.0,5441.0,45629.0,28792,15.570181714122192
150,27944,273033.77966101695,27944,2,11969.0,1862.0,46240.0,27944,15.556855209290669
150,27980,157369.90666666668,27980,1,1758.0,67.0,47946.0,27980,3.811149032992037
151,28601,234926.52721088435,28601,12,51706.0,6977.0,50821.0,28601,13.493598421846595
151,28602,177761.35714285713,28602,5,29105.0,4340.0,47493.0,28602,14.911527228998455
152,28636,139978.94852941178,28636,2,5013.0,922.0,43810.0,28636,18.39218033113904
153,27235,285872.46598639456,27235,1,4557.0,147.0,89214.0,27235,3.2258064516129035
153,27260,110732.71768707484,27260,6,25761.0,8719.0,27361.0,27260,33.84573580218159
153,27262,216669.97959183675,27262,9,24379.0,5009.0,39276.0,27262,20.546371877435497
153,27265,210413.53401360544,27265,9,50139.0,4609.0,60518.0,27265,9.192445002891963
153,27282,221384.57823129251,27282,7,17835.0,1576.0,68967.0,27282,8.836557331090553
154,27278,308965.2329749104,27278,12,26054.0,2705.0,71657.0,27278,10.382282950794504
155,28462,476891.42307692306,28462,2,12659.0,1842.0,41243.0,28462,14.550912394343946
156,27844,67557.4756097561,27844,2,2955.0,866.0,28170.0,27844,29.30626057529611
157,27540,290390.3163265306,27540,7,37520.0,1668.0,102268.0,27540,4.445628997867804
158,28348,178483.3605442177,28348,10,35673.0,4681.0,53090.0,28348,13.121968996159561
159,28743,213403.7650273224,28743,1,1987.0,580.0,38018.0,28743,29.1897332662305
160,28539,193086.85483870967,28539,1,15623.0,2282.0,52782.0,28539,14.606669653715675
161,28638,142383.2786259542,28638,6,11698.0,2024.0,41701.0,28638,17.30210292357668
162,28078,269493.1768707483,28078,12,60107.0,2987.0,95874.0,28078,4.9694711098540925
163,27541,257932.6326530612,27541,1,3718.0,548.0,64038.0,27541,14.739107046799354
164,28079,227330.26296296297,28079,7,36737.0,2317.0,78407.0,28079,6.306992949887034
165,28080,321240.5189873418,28080,2,7941.0,1505.0,53811.0,28080,18.95227301347437
166,28478,150179.66129032258,28478,1,5114.0,728.0,39906.0,28478,14.235432147047325
167,27845,87274.71333333333,27845,1,2876.0,598.0,33750.0,27845,20.79276773296245
168,28540,170498.56140350876,28540,13,48775.0,7251.0,49970.0,28540,14.86622245002563
168,28546,169921.26315789475,28546,10,46338.0,5525.0,46758.0,28546,11.923259527817345
169,27947,185168.25850340136,27947,1,1431.0,60.0,50417.0,27947,4.19287211740042
170,28642,99159.30645161291,28642,1,5890.0,1305.0,38750.0,28642,22.15619694397284
171,28081,199030.75170068027,28081,5,27557.0,5044.0,49743.0,28081,18.303879232137025
171,28083,150909.53401360544,28083,5,25540.0,3610.0,48103.0,28083,14.13469068128426
172,27542,163878.67039106146,27542,2,9953.0,1896.0,46332.0,27542,19.049532804179645
173,27284,214704.80952380953,27284,14,54413.0,6184.0,61071.0,27284,11.3649311745355
174,27948,323427.4379310345,27948,3,11118.0,1110.0,57445.0,27948,9.983810037776578
175,27021,175035.04421768707,27021,6,17539.0,2407.0,50123.0,27021,13.723701465305892
176,28086,155483.72448979592,28086,7,25037.0,4397.0,42571.0,28086,17.562008227822822
177,28501,95200.93513513514,28501,6,18334.0,5857.0,30053.0,28501,31.94611105050725
177,28504,156512.78504672897,28504,6,21852.0,3816.0,47856.0,28504,17.462932454695224
178,27544,187918.97282608695,27544,1,5027.0,890.0,56382.0,27544,17.70439626019495
179,27949,375940.24742268043,27949,1,7532.0,331.0,78191.0,27949,4.394583112055232
180,27545,210356.9319727891,27545,5,27186.0,1815.0,63683.0,27545,6.676230412712425
181,27950,231834.6768707483,27950,1,2073.0,252.0,58821.0,27950,12.156295224312592
182,28551,152806.6495327103,28551,3,15104.0,2366.0,37293.0,28551,15.664724576271185
183,28746,389705.27843137254,28746,1,2371.0,140.0,60400.0,28746,5.904681568958246
183,28756,321315.7840909091,28756,3,4715.0,264.0,49452.0,28756,5.59915164369035
184,28747,725807.7988826815,28747,1,2243.0,397.0,36653.0,28747,17.699509585376727
185,28088,175258.37647058823,28088,2,2746.0,373.0,53949.0,28088,13.583394027676619
186,28351,98439.20408163265,28351,2,4698.0,873.0,36949.0,28351,18.5823754789272
187,28352,137024.05782312926,28352,10,25760.0,6870.0,33657.0,28352,26.66925465838509
188,27022,170241.226519337,27022,2,1099.0,50.0,41078.0,27022,4.549590536851684
189,28748,266059.66171003715,28748,1,12613.0,1974.0,46075.0,28748,15.650519305478475
190,28451,311994.6298076923,28451,5,33435.0,4738.0,55357.0,28451,14.170779123672798
191,28645,173522.99236641222,28645,13,46604.0,8246.0,38697.0,28645,17.69376019225818
192,27023,302547.97959183675,27023,1,13088.0,911.0,75208.0,27023,6.96057457212714
193,27292,178763.17006802722,27292,16,39649.0,7520.0,41315.0,27292,18.966430426996894
193,27295,193566.60544217686,27295,11,38511.0,5256.0,49195.0,27295,13.648048609488196
194,27298,196359.73180076628,27298,3,10052.0,1586.0,45095.0,27298,15.777954635893355
195,27546,210043.99462365592,27546,5,21313.0,3777.0,48737.0,27546,17.72157837939286
196,28092,189093.7380952381,28092,15,39710.0,7532.0,47971.0,28092,18.96751447997985
197,28356,201309.05102040817,28356,1,4890.0,392.0,67609.0,28356,8.016359918200411
198,27850,352248.99319727893,27850,2,7244.0,987.0,42176.0,27850,13.625069022639424
199,28097,196644.9387755102,28097,2,6074.0,628.0,57782.0,28097,10.339150477444845
200,27549,196287.27027027027,27549,8,25645.0,4465.0,47667.0,27549,17.410801325794502
201,28098,160158.315018315,28098,2,3629.0,747.0,51206.0,28098,20.584182970515293
202,27024,169974.90760869565,27024,1,3148.0,557.0,41161.0,27024,17.69377382465057
203,27851,157024.82065217392,27851,2,5356.0,892.0,48547.0,27851,16.654219566840926
204,28357,111670.17142857143,28357,2,2682.0,738.0,32060.0,28357,27.51677852348993
205,28358,148481.5,28358,13,38760.0,10467.0,37858.0,28358,27.00464396284829
205,28360,142147.65151515152,28360,3,14931.0,3443.0,37608.0,28360,23.0594066037104
206,27025,162625.5174825175,27025,4,11387.0,1287.0,47147.0,27025,11.302362343022745
207,28650,165165.78911564627,28650,4,11106.0,1458.0,50092.0,28650,13.128038897893028
208,27954,369347.5778546713,27954,3,7389.0,372.0,52626.0,27954,5.034510759236703
209,28752,181120.26470588235,28752,11,30591.0,4972.0,41632.0,28752,16.25314635023373
210,28754,239452.22108843538,28754,2,10138.0,1781.0,45428.0,28754,17.567567567567572
211,28753,219440.5503875969,28753,4,9937.0,1411.0,40883.0,28753,14.19945657643152
212,28103,217578.81851851853,28103,4,11397.0,1096.0,55116.0,28103,9.616565762920066
213,28105,243797.02380952382,28105,9,45786.0,3056.0,75329.0,28105,6.674529332110253
214,28364,71241.92222222222,28364,4,15183.0,4610.0,33462.0,28364,30.36290588157808
215,27027,128608.37412587412,27027,1,4382.0,889.0,32183.0,27027,20.287539936102235
216,28555,145796.5113122172,28555,2,4767.0,1124.0,47527.0,28555,23.578770715334592
217,28101,298325.9012345679,28101,1,826.0,71.0,60294.0,28101,8.595641646489103
218,27302,223146.45578231293,27302,7,31331.0,4022.0,56230.0,27302,12.837126168970027
219,27557,143455.8088235294,27557,1,7558.0,1492.0,43098.0,27557,19.74067213548558
220,28107,239966.97959183675,28107,1,7380.0,616.0,70086.0,28107,8.346883468834687
221,28651,139265.14965986394,28651,2,7419.0,1829.0,35919.0,28651,24.652918183043536
222,28759,349070.88976377953,28759,2,7488.0,547.0,63547.0,28759,7.305021367521367
223,28510,328929.8771929825,28510,1,1503.0,77.0,57381.0,28510,5.123087159015303
224,28227,225441.268707483,28227,8,55769.0,6836.0,57752.0,28227,12.257705893955427
225,27028,218985.7243243243,27028,9,26044.0,4497.0,48167.0,27028,17.2669328828137
226,27559,255741.917562724,27559,1,2225.0,153.0,68264.0,27559,6.876404494382022
227,28110,215883.66666666666,28110,13,53520.0,7503.0,57969.0,28110,14.019058295964124
227,28112,187795.11111111112,28112,10,26999.0,3806.0,52745.0,28112,14.096818400681505
228,28114,108941.94217687075,28114,1,7139.0,1588.0,38944.0,28114,22.244011766353825
229,28115,230969.42592592593,28115,12,37023.0,3765.0,62252.0,28115,10.169354185236203
229,28117,416249.8185185185,28117,7,39278.0,2376.0,85591.0,28117,6.049187840521412
230,28654,117118.80952380953,28654,2,3100.0,261.0,45081.0,28654,8.419354838709678
231,28557,276823.6088435374,28557,6,15204.0,1663.0,54528.0,28557,10.937911076032622
232,28655,179896.73577235773,28655,18,54594.0,9698.0,43435.0,28655,17.763856834084333
233,27560,282234.1700680272,27560,3,32801.0,2020.0,93440.0,27560,6.158348830828329
234,27030,155498.77037037036,27030,11,35843.0,6440.0,36859.0,27030,17.967246045252907
234,27053,141822.97177419355,27053,2,2973.0,345.0,44967.0,27053,11.604439959636732
235,28120,211908.38827838827,28120,5,21119.0,2111.0,56234.0,28120,9.99573843458497
236,28365,123978.23809523809,28365,4,16886.0,5103.0,44209.0,28365,30.22030084093332
237,28124,231912.4931972789,28124,3,6192.0,514.0,59167.0,28124,8.301033591731265
238,28125,335227.4022556391,28125,2,2262.0,161.0,63603.0,28125,7.11759504862953
239,27958,267856.0850340136,27958,2,10988.0,745.0,84575.0,27958,6.780123771386968
240,27959,357526.660899654,27959,2,2908.0,238.0,58803.0,27959,8.184319119669876
241,27856,181638.8,27856,3,16488.0,2308.0,52729.0,27856,13.998059194565744
242,28761,304902.03921568627,28761,1,7671.0,1145.0,37889.0,28761,14.926345978360054
243,28560,195169.69727891157,28560,5,27590.0,5108.0,46133.0,28560,18.51395433127945
243,28562,245359.3231292517,28562,8,38598.0,3744.0,57592.0,28562,9.699984455153118
244,28570,241634.77210884355,28570,5,21590.0,2585.0,51569.0,28570,11.973135710977305
245,28658,166723.4455782313,28658,9,27479.0,3471.0,46977.0,28658,12.631464027075221
246,28659,121914.35034013605,28659,4,21229.0,5178.0,33832.0,28659,24.39116303170192
247,28128,244637.24829931973,28128,4,7056.0,883.0,45689.0,28128,12.514172335600907
248,27310,380253.5544217687,27310,1,7290.0,153.0,117039.0,27310,2.098765432098765
249,28129,180064.1156462585,28129,2,5287.0,433.0,50609.0,28129,8.189899754113863
250,28762,161236.66666666666,28762,1,6958.0,1546.0,37845.0,28762,22.219028456453003
251,28660,211931.4624505929,28660,2,1878.0,162.0,45165.0,28660,8.62619808306709
252,28369,105867.63636363637,28369,1,2865.0,764.0,29848.0,28369,26.66666666666667
253,27565,199166.40136054423,27565,10,25375.0,3947.0,47056.0,27565,15.554679802955663
254,28371,175605.93537414967,28371,1,7249.0,1331.0,50523.0,28371,18.361153262518968
255,28372,123807.28787878787,28372,5,14022.0,3627.0,29399.0,28372,25.86649550706033
256,27862,88864.41134751773,27862,1,649.0,124.0,37500.0,27862,19.106317411402163
257,27863,171287.2857142857,27863,3,12855.0,1560.0,56724.0,27863,12.135355892648775
258,27041,191150.8063063063,27041,4,7947.0,1439.0,41771.0,27041,18.107461935321506
259,27042,155669.62380952382,27042,1,610.0,17.0,55156.0,27042,2.7868852459016398
260,27568,174570.712,27568,1,596.0,25.0,45263.0,27568,4.194630872483222
261,28374,384267.3724489796,28374,1,17190.0,443.0,82312.0,28374,2.577079697498545
262,27864,71733.55252918288,27864,3,4911.0,871.0,40455.0,27864,17.735695377723477
263,27865,143659.061302682,27865,2,2168.0,290.0,63917.0,27865,13.376383763837635
264,28134,223854.08163265305,28134,2,11049.0,1201.0,57047.0,28134,10.869761969408996
265,27043,201657.18027210885,27043,2,7094.0,884.0,51510.0,27043,12.461234846349027
266,27312,371272.39426523296,27312,4,20368.0,1706.0,72315.0,27312,8.375883739198741
267,27313,223730.20408163266,27313,1,7134.0,645.0,61914.0,27313,9.041211101766189
268,28573,152710.3556701031,28573,1,2053.0,491.0,44083.0,28573,23.9162201656113
269,27965,169825.95238095237,27965,1,693.0,147.0,41250.0,27965,21.21212121212121
270,27569,174999.99264705883,27569,2,7942.0,1380.0,43958.0,27569,17.375975824729288
271,28376,184808.3817204301,28376,11,44328.0,7967.0,49480.0,28376,17.972838837754914
272,27601,299460.34353741497,27601,6,10445.0,2737.0,36781.0,27601,26.20392532312111
272,27603,263656.1836734694,27603,6,53803.0,9560.0,64087.0,27603,17.76852591862907
272,27604,197084.46598639456,27604,6,47761.0,6634.0,58626.0,27604,13.889993928100333
272,27605,527420.1259259259,27605,4,5490.0,725.0,62479.0,27605,13.205828779599269
272,27606,313250.2346938776,27606,11,46589.0,8967.0,51959.0,27606,19.247032561334226
272,27607,389136.39795918367,27607,4,29536.0,2870.0,77092.0,27607,9.716955579631636
272,27608,603700.0848708487,27608,3,11054.0,534.0,107875.0,27608,4.8308304686086485
272,27609,307205.8605442177,27609,6,32870.0,3395.0,58983.0,27609,10.328567082446
272,27610,166793.4081632653,27610,14,78475.0,15074.0,50092.0,27610,19.20866517999363
272,27612,339524.77210884355,27612,5,38748.0,3218.0,76765.0,27612,8.304944771343036
272,27613,347824.79931972787,27613,5,42933.0,1760.0,96185.0,27613,4.09941070971048
272,27614,378660.5714285714,27614,10,33287.0,1239.0,106469.0,27614,3.722173821612041
272,27615,328572.8231292517,27615,8,43461.0,2412.0,82214.0,27615,5.549803271898943
272,27616,214721.5051194539,27616,7,53364.0,6027.0,68084.0,27616,11.294130874747019
272,27617,293885.4863945578,27617,1,18856.0,1178.0,83309.0,27617,6.247348324140858
273,27316,111878.22807017544,27316,4,7157.0,1765.0,39570.0,27316,24.661170881654325
274,27317,170290.11228070175,27317,4,16640.0,2666.0,43754.0,27317,16.021634615384613
275,27809,176195.8956043956,27809,4,5083.0,932.0,47940.0,27809,18.335628565807593
276,28377,99578.75294117647,28377,4,12933.0,4682.0,28176.0,28377,36.20196396814351
277,27320,164243.97619047618,27320,13,38634.0,6678.0,41771.0,27320,17.285292747321012
278,28386,81210.77777777778,28386,1,5997.0,2230.0,31092.0,28386,37.185259296314825
279,28137,165927.80272108843,28137,1,3248.0,189.0,52167.0,28137,5.818965517241379
280,28574,163231.0,28574,4,18116.0,2502.0,49267.0,28574,13.810995804813425
281,27870,128169.1768707483,27870,7,25792.0,6125.0,36287.0,27870,23.74767369727047
282,28669,96649.95634920635,28669,1,2663.0,264.0,41250.0,28669,9.913631242959069
283,27325,127693.10714285714,27325,3,6767.0,1391.0,43333.0,27325,20.55563765331757
284,28379,144279.25102880658,28379,8,24403.0,5713.0,36806.0,28379,23.411056017702737
285,28138,198397.98299319728,28138,2,9912.0,1051.0,50331.0,28138,10.603309120258272
286,27801,63698.14965986394,27801,6,19737.0,5538.0,32346.0,27801,28.058975528195766
286,27803,186843.61137440757,27803,3,18791.0,2851.0,47843.0,27803,15.172156883614495
286,27804,189732.71794871794,27804,9,29938.0,3631.0,51385.0,27804,12.128398690627296
287,28457,212699.51912568306,28457,4,10303.0,2112.0,48843.0,28457,20.498883820246533
288,27982,391492.8617021277,27982,1,54.0,10.0,-666666666.0,27982,18.51851851851852
289,27571,271884.05782312923,27571,4,6664.0,210.0,112425.0,27571,3.1512605042016806
290,28670,113340.53515625,28670,3,3590.0,269.0,50774.0,28670,7.493036211699164
291,28383,77523.36363636363,28383,4,8854.0,2536.0,33952.0,28383,28.642421504404787
292,27573,138398.94217687074,27573,5,11158.0,3113.0,32726.0,27573,27.89926510127263
292,27574,181179.8775510204,27574,4,14489.0,2129.0,50483.0,27574,14.69390572158189
293,27326,113902.64111498257,27326,1,2872.0,499.0,49053.0,27326,17.37465181058496
294,27045,152067.46598639456,27045,1,9374.0,975.0,53932.0,27045,10.401109451674843
295,28139,170367.11224489796,28139,4,20900.0,2510.0,45053.0,28139,12.009569377990433
296,28384,112538.80612244898,28384,3,11199.0,2468.0,32744.0,28384,22.037681935887125
297,28144,190376.37647058823,28144,4,25158.0,4766.0,43136.0,28144,18.94427219969791
297,28146,227828.96470588236,28146,7,27496.0,4264.0,51806.0,28146,15.507710212394528
297,28147,212008.5465116279,28147,4,24878.0,4395.0,49048.0,28147,17.666211110217862
298,27046,143640.375,27046,1,1922.0,242.0,38589.0,27046,12.59105098855359
299,27330,172002.48979591837,27330,13,39279.0,6191.0,48744.0,27330,15.761602892130654
299,27332,184698.47959183675,27332,4,31629.0,4352.0,57649.0,27332,13.759524487021404
300,27874,66697.75510204081,27874,2,3766.0,915.0,36023.0,27874,24.296335634625603
301,27341,166214.29794520547,27341,2,5263.0,471.0,44789.0,27341,8.949268478054343
302,27576,152667.73529411765,27576,2,18104.0,4918.0,38676.0,27576,27.16526734423332
303,27343,378494.97388059704,27343,1,1579.0,290.0,64244.0,27343,18.36605446485117
304,27376,324629.32653061225,27376,3,8998.0,811.0,63278.0,27376,9.013114025338963
305,28578,136478.13513513515,28578,1,6858.0,1926.0,44288.0,28578,28.083989501312328
306,28470,254850.31553398058,28470,2,12089.0,2359.0,39636.0,28470,19.513607411696587
307,27973,253779.95578231293,27973,1,1143.0,146.0,41736.0,27973,12.773403324584427
308,28150,176662.03741496598,28150,8,27581.0,6350.0,38328.0,28150,23.023095609296256
308,28152,130279.6156462585,28152,10,25348.0,5132.0,41492.0,28152,20.246173268107942
309,28673,460813.4149659864,28673,1,6307.0,275.0,78479.0,28673,4.360234659901697
310,27344,157829.27106227106,27344,7,18798.0,3720.0,42680.0,27344,19.78933929141398
311,27880,251566.05128205128,27880,1,3242.0,589.0,65768.0,27880,18.167797655768048
312,27577,195988.29411764705,27577,8,25330.0,4465.0,46508.0,27577,17.627319384129493
313,28579,149929.90136054423,28579,1,554.0,129.0,46964.0,28579,23.28519855595668
314,27349,173449.9655172414,27349,1,5500.0,436.0,52547.0,27349,7.927272727272728
315,27350,189928.16842105263,27350,1,6021.0,569.0,44147.0,27350,9.450257432320214
316,28387,331783.8163265306,28387,3,15526.0,2017.0,60617.0,28387,12.991111683627462
317,28159,87294.58139534884,28159,3,2908.0,698.0,38125.0,28159,24.002751031636862
318,28160,93088.80952380953,28160,2,3586.0,433.0,36199.0,28160,12.07473508087005
319,27882,147413.52173913043,27882,2,7637.0,1827.0,42587.0,27882,23.923006416131987
320,28390,199138.37074829932,28390,8,23790.0,4763.0,46600.0,28390,20.021017234131985
321,28104,326164.78571428574,28104,5,31085.0,1349.0,104745.0,28104,4.339713688274086
322,28163,229502.52380952382,28163,1,5469.0,416.0,64559.0,28163,7.606509416712378
323,28164,253901.76530612246,28164,3,15099.0,1140.0,56762.0,28164,7.550168885356648
324,27883,89556.4108108108,27883,2,2970.0,592.0,44561.0,27883,19.932659932659927
325,28676,209801.78966789666,28676,2,4028.0,492.0,52543.0,28676,12.21449851042701
326,28625,211024.276119403,28625,6,39518.0,4945.0,50216.0,28625,12.513285085277596
326,28677,181147.07434944238,28677,15,34545.0,6196.0,45191.0,28677,17.936025474019395
327,28391,187967.65163934426,28391,2,5984.0,1268.0,52762.0,28391,21.18983957219251
328,27581,194355.5544217687,27581,1,4832.0,112.0,63667.0,27581,2.3178807947019866
329,27884,147218.1597633136,27884,1,1301.0,0.0,60147.0,27884,0.0
330,27357,296977.43537414965,27357,1,8652.0,1195.0,61101.0,27357,13.811835413777162
331,27048,172489.53979238754,27048,1,8059.0,1432.0,53154.0,27048,17.768953964511727
332,28678,206965.47014925373,28678,1,6577.0,650.0,48083.0,28678,9.882925345902386
333,28679,252849.30952380953,28679,2,1740.0,202.0,46250.0,28679,11.609195402298852
334,27358,373424.7346938776,27358,2,15184.0,765.0,90909.0,27358,5.038198103266597
335,27979,118406.00591715977,27979,1,1547.0,53.0,59688.0,27979,3.425985778926956
336,28445,416771.9076086957,28445,3,7278.0,910.0,59766.0,28445,12.503435009618027
337,28778,224095.76691729322,28778,4,9939.0,1562.0,46265.0,28778,15.71586678740316
338,28584,245471.3401360544,28584,5,12265.0,1620.0,59102.0,28584,13.208316347329802
339,28779,246387.23913043478,28779,5,18141.0,2513.0,53582.0,28779,13.852599084945702
340,27886,93934.0068027211,27886,10,20450.0,4240.0,35959.0,27886,20.73349633251833
341,28681,201526.3837837838,28681,7,25636.0,3254.0,45788.0,28681,12.693087845217665
342,27360,166060.53741496598,27360,12,45603.0,7386.0,43661.0,27360,16.19630287481087
343,27583,225472.94539249147,27583,1,7020.0,505.0,58274.0,27583,7.193732193732194
344,27050,182447.0544217687,27050,1,3995.0,343.0,54167.0,27050,8.585732165206508
345,28685,152633.70408163266,28685,1,1979.0,548.0,37813.0,28685,27.69075290550783
346,28585,85950.3595505618,28585,3,3674.0,1190.0,31600.0,28585,32.38976592270005
347,27370,199773.41754385966,27370,7,15678.0,1714.0,51748.0,27370,10.932516902666157
348,28166,275272.9037037037,28166,3,9394.0,1050.0,61406.0,28166,11.177347242921014
349,28689,186870.3903345725,28689,1,2071.0,346.0,61000.0,28689,16.70690487687107
350,28690,183838.36363636365,28690,3,9125.0,1549.0,41875.0,28690,16.975342465753428
351,28168,179098.08843537414,28168,3,10056.0,1173.0,47888.0,28168,11.664677804295941
352,28586,128474.90136054422,28586,2,7259.0,1615.0,35500.0,28586,22.248243559718965
353,28394,260582.48469387754,28394,2,5303.0,1113.0,47018.0,28394,20.988119932113896
354,28692,242873.8401360544,28692,1,3941.0,409.0,56361.0,28692,10.378076630296876
355,28395,212399.306122449,28395,1,2466.0,216.0,54656.0,28395,8.75912408759124
356,28396,145137.09523809524,28396,1,2620.0,711.0,44901.0,28396,27.137404580152673
357,27587,321636.37074829935,27587,11,66583.0,3624.0,92878.0,27587,5.442830752594506
358,27051,174974.98299319728,27051,4,7678.0,824.0,47940.0,27051,10.731961448293827
359,27052,159333.42857142858,27052,5,9906.0,1724.0,39460.0,27052,17.403593781546537
360,27889,167517.7925170068,27889,7,26576.0,5692.0,40740.0,27889,21.41782059000602
361,28173,329269.43703703705,28173,12,56910.0,2124.0,116043.0,28173,3.7322087506589354
362,28785,296097.0702702703,28785,1,7811.0,890.0,58551.0,28785,11.394187684035337
362,28786,276201.25268817204,28786,6,20821.0,2754.0,48486.0,28786,13.227030401997984
363,28787,317313.9,28787,6,21314.0,2495.0,53258.0,28787,11.705920990897999
364,27890,59987.60079051383,27890,3,2778.0,1230.0,28264.0,27890,44.27645788336933
365,27591,202346.69047619047,27591,10,21098.0,2106.0,62651.0,27591,9.981988814105602
366,28327,280314.79591836734,28327,4,16192.0,2051.0,53080.0,28327,12.666749011857707
367,27891,78863.52747252748,27891,1,5356.0,1229.0,42656.0,27891,22.946228528752798
368,28789,252074.11049723756,28789,1,5281.0,750.0,40708.0,28789,14.201855709145994
369,28697,194449.57482993198,28697,4,13638.0,2148.0,46769.0,28697,15.750109986801586
370,27592,232753.72789115645,27592,2,15588.0,1451.0,67820.0,27592,9.308442391583267
371,28401,198562.31225296442,28401,9,24279.0,7487.0,33309.0,28401,30.83734914947074
371,28403,342384.35039370076,28403,8,40919.0,10576.0,37235.0,28403,25.846183924338327
371,28405,357696.39763779525,28405,9,32330.0,5569.0,54544.0,28405,17.225487163625118
371,28409,316460.531496063,28409,4,34180.0,2938.0,78761.0,28409,8.595669982445875
371,28411,325759.24803149607,28411,2,37995.0,3639.0,72045.0,28411,9.57757599684169
371,28412,278779.7677165354,28412,9,38213.0,6231.0,52306.0,28412,16.305969172794594
372,27813,118683.48369565218,27813,1,825.0,220.0,35625.0,27813,26.66666666666667
372,27893,141753.62903225806,27893,18,39372.0,11414.0,34210.0,27893,28.990145280910287
372,27896,222302.2717948718,27896,2,20681.0,1860.0,63792.0,27896,8.993762390600066
373,28174,156762.84814814816,28174,2,9284.0,1729.0,48936.0,28174,18.623438173201208
374,28479,241327.46634615384,28479,1,6274.0,634.0,59175.0,28479,10.105196047178833
375,27040,216876.9081632653,27040,2,11803.0,1176.0,73442.0,27040,9.96356858425824
375,27101,144318.46258503402,27101,10,19681.0,5935.0,31805.0,27101,30.155988008739392
375,27103,181707.33673469388,27103,4,34993.0,5856.0,49623.0,27103,16.73477552653388
375,27104,303903.97959183675,27104,6,27892.0,2509.0,64579.0,27104,8.995410870500502
375,27105,99579.20408163265,27105,13,40530.0,11089.0,33937.0,27105,27.359980261534663
375,27106,255619.3673469388,27106,13,48351.0,8233.0,49947.0,27106,17.027569233314722
375,27107,152822.8673469388,27107,7,47610.0,12051.0,42787.0,27107,25.31190926275993
375,27127,150995.18707482994,27127,9,39902.0,7308.0,48262.0,27127,18.31487143501579
376,28590,239670.11167512691,28590,5,24613.0,2747.0,65594.0,28590,11.16076869946776
377,27054,179680.8426395939,27054,1,2388.0,161.0,70101.0,27054,6.742043551088778
378,28480,1119684.3015873015,28480,1,2536.0,216.0,83417.0,28480,8.517350157728707
379,27055,169151.54301075268,27055,4,14131.0,1855.0,44574.0,27055,13.127167221003466
380,27596,237543.92517006802,27596,3,18359.0,1624.0,70535.0,27596,8.845797701399858
381,27597,207699.34353741497,27597,5,23538.0,2995.0,58514.0,27597,12.724105701418983
382,28698,230760.39552238805,28698,1,2247.0,511.0,42609.0,28698,22.741433021806852
