City,RegionName,avg,zip,count,City_catagory,population,poverty_count,median_household_income,zipcode,poverty_rate
Aberdeen,28315,152390.6887755102,28315,4,0,13700.0,2826.0,51725.0,28315,20.62773722627737
Advance,27006,203515.1182795699,27006,2,1,14555.0,932.0,78095.0,27006,6.403297835795258
Albemarle,28001,112205.6836734694,28001,8,2,26601.0,5208.0,45121.0,28001,19.578211345438138
Angier,27501,137745.62152777778,27501,5,3,21299.0,2601.0,56338.0,27501,12.21184093149913
Apex,27502,215726.2925170068,27502,7,4,40280.0,2248.0,110513.0,27502,5.580933465739823
Apex,27523,246535.10544217686,27523,3,4,11629.0,685.0,102368.0,27523,5.890446298047984
Apex,27539,214707.28819444444,27539,5,4,23436.0,1111.0,105526.0,27539,4.7405700631507095
Archdale,27263,106700.33333333333,27263,5,5,22028.0,3042.0,44454.0,27263,13.80969674959143
Arden,28704,198592.72118959107,28704,3,6,19060.0,1563.0,63223.0,28704,8.200419727177334
Ash,28420,141049.60869565216,28420,2,7,3845.0,639.0,53519.0,28420,16.618985695708712
Asheboro,27203,99023.69047619047,27203,8,8,21684.0,5360.0,34131.0,27203,24.71868658919018
Asheboro,27205,126188.86054421769,27205,7,8,34517.0,5316.0,47008.0,27205,15.401106701045858
Asheville,28801,238207.04104477612,28801,5,9,13683.0,3113.0,33504.0,28801,22.75085872981071
Asheville,28803,208256.14814814815,28803,9,9,33756.0,3072.0,50475.0,28803,9.100604337006754
Asheville,28804,273424.1777777778,28804,2,9,22189.0,2553.0,59855.0,28804,11.50570102302943
Asheville,28805,222272.75925925927,28805,3,9,19818.0,2187.0,49893.0,28805,11.035422343324251
Asheville,28806,185958.88148148148,28806,12,9,42650.0,6165.0,46726.0,28806,14.454865181711607
Atlantic,28511,109207.3581081081,28511,1,10,566.0,107.0,38125.0,28511,18.904593639575968
Aurora,27806,80776.66793893129,27806,1,11,2664.0,490.0,37582.0,27806,18.39339339339339
Ayden,28513,101944.41847826086,28513,3,12,10321.0,2091.0,48269.0,28513,20.259664761166555
Badin,28009,66307.5068027211,28009,1,13,1221.0,167.0,33261.0,28009,13.677313677313675
Bahama,27503,205237.66192170818,27503,1,14,6328.0,170.0,81016.0,27503,2.6864728192161818
Bailey,27807,130855.9010989011,27807,2,15,6415.0,866.0,45422.0,27807,13.499610288386593
Banner Elk,28604,218889.23469387754,28604,2,16,7635.0,918.0,51280.0,28604,12.023575638506875
Barco,27917,158188.86394557822,27917,3,17,734.0,391.0,29684.0,27917,53.26975476839236
Barnardsville,28709,178343.93308550186,28709,1,18,2302.0,175.0,47250.0,28709,7.602085143353605
Bath,27808,211852.8076923077,27808,1,19,1939.0,169.0,48079.0,27808,8.715832903558535
Bayboro,28515,93717.90350877192,28515,4,20,2584.0,507.0,29292.0,28515,19.620743034055728
Bear Creek,27207,125560.8458781362,27207,1,21,3149.0,502.0,55625.0,27207,15.941568751984756
Beaufort,28516,185096.02040816325,28516,4,22,11268.0,1665.0,48668.0,28516,14.776357827476039
Belmont,28012,161547.49816849816,28012,7,23,22968.0,2135.0,66910.0,28012,9.29554162312783
Belwood,28090,117571.56462585034,28090,2,24,8473.0,2121.0,33151.0,28090,25.032456036822854
Bennett,27208,128988.96140350877,27208,2,25,1847.0,331.0,42128.0,27208,17.920952896589068
Benson,27504,129349.82720588235,27504,5,26,15182.0,3153.0,46944.0,27504,20.76801475431432
Bessemer City,28016,94107.95970695971,28016,5,27,13046.0,2484.0,44313.0,28016,19.040318871684807
Bethel,27812,72635.31891891891,27812,2,28,2762.0,694.0,38944.0,27812,25.126719768283852
Black Mountain,28711,205268.45238095237,28711,3,29,13398.0,880.0,45329.0,28711,6.568144499178983
Blowing Rock,28605,334037.3605442177,28605,1,30,3428.0,375.0,60172.0,28605,10.939323220536757
Boiling Spring Lakes,28461,250243.95673076922,28461,4,31,19897.0,1471.0,64418.0,28461,7.393074332813993
Bolivia,28422,217268.28640776698,28422,4,32,8404.0,1810.0,45183.0,28422,21.53736316039981
Boomer,28606,119446.34166666666,28606,1,33,1689.0,265.0,31308.0,28606,15.689757252812312
Boone,28607,221692.73469387754,28607,5,34,35523.0,10533.0,41143.0,28607,29.651211890887595
Boonville,27011,114824.38,27011,3,35,5380.0,906.0,37167.0,27011,16.840148698884757
Bostic,28018,98474.87755102041,28018,3,36,4699.0,757.0,36108.0,28018,16.109810597999573
Brevard,28712,214381.12021857922,28712,6,37,20017.0,2894.0,46490.0,28712,14.457710945696158
Brevard,28772,159262.7989130435,28772,3,37,1061.0,51.0,45670.0,28772,4.806786050895382
Broadway,27505,128463.15646258503,27505,1,38,5862.0,898.0,47696.0,27505,15.31900375298533
Browns Summit,27214,149093.25510204083,27214,3,39,10773.0,781.0,67895.0,27214,7.24960549521953
Bunn,27508,118108.64516129032,27508,3,40,1326.0,163.0,42981.0,27508,12.292609351432882
Bunnlevel,28323,151559.17297297297,28323,2,41,3899.0,704.0,52351.0,28323,18.055911772249296
Burgaw,28425,128284.2258064516,28425,6,42,11634.0,2161.0,40211.0,28425,18.574866769812623
Burlington,27215,150855.25510204083,27215,8,43,41204.0,6435.0,47420.0,27215,15.617415784875258
Burlington,27217,112657.76190476191,27217,7,43,37624.0,7957.0,40114.0,27217,21.14873485009568
Butner,27509,122982.40136054422,27509,2,44,6285.0,1325.0,41467.0,27509,21.081941129673826
Buxton,27920,241166.20610687023,27920,2,45,1327.0,542.0,48796.0,27920,40.84400904295404
Camden,27921,211467.3686868687,27921,5,46,4889.0,595.0,63563.0,27921,12.170177950501126
Cameron,28326,144667.10204081633,28326,5,47,23385.0,3280.0,61299.0,28326,14.026085097284586
Candler,28715,199649.7037037037,28715,5,48,26318.0,3319.0,53594.0,28715,12.611140664184209
Canton,28716,157116.90476190476,28716,5,49,17807.0,2681.0,49018.0,28716,15.055876902341776
Carolina Beach,28428,308403.2324324324,28428,1,50,6533.0,603.0,71250.0,28428,9.230062758303994
Carrboro,27510,275490.2970711297,27510,3,51,15528.0,2471.0,53155.0,27510,15.91318907779495
Cary,27511,189716.91836734695,27511,7,52,34525.0,3653.0,74339.0,27511,10.580738595220852
Cary,27513,209685.32653061225,27513,7,52,44821.0,2443.0,92858.0,27513,5.45057004529127
Cary,27518,276972.92176870746,27518,1,52,20875.0,918.0,106833.0,27518,4.3976047904191615
Cary,27519,236727.09863945577,27519,11,52,55111.0,1916.0,130337.0,27519,3.4766199125401465
Casar,28020,117371.12925170068,28020,1,53,2082.0,301.0,42700.0,28020,14.457252641690678
Cashiers,28717,525615.5351351352,28717,3,54,1640.0,240.0,41108.0,28717,14.634146341463413
Castle Hayne,28429,154234.2125984252,28429,3,55,7525.0,707.0,49346.0,28429,9.395348837209305
Catawba,28609,149473.25510204083,28609,3,56,5788.0,467.0,59495.0,28609,8.068417415342086
Chapel Hill,27514,309018.669456067,27514,5,57,32304.0,3901.0,70849.0,27514,12.075903912828133
Chapel Hill,27516,249163.94265232974,27516,13,57,41551.0,5747.0,85615.0,27516,13.83119539842603
Chapel Hill,27517,277509.024911032,27517,5,57,24092.0,2085.0,84940.0,27517,8.654325087165864
Charlotte,28202,348583.7653061224,28202,4,58,12745.0,1354.0,90972.0,28202,10.623774029030992
Charlotte,28203,342611.14965986396,28203,2,58,15946.0,2313.0,81094.0,28203,14.505205067101466
Charlotte,28204,319609.193877551,28204,3,58,6725.0,1148.0,61700.0,28204,17.070631970260223
Charlotte,28205,176621.82993197278,28205,11,58,48539.0,10702.0,49378.0,28205,22.04824986093657
Charlotte,28206,114918.12925170068,28206,6,58,11919.0,3480.0,31617.0,28206,29.197080291970803
Charlotte,28207,583405.2346938775,28207,2,58,9539.0,485.0,129886.0,28207,5.08439039731628
Charlotte,28208,99184.83333333333,28208,11,58,39700.0,9954.0,34925.0,28208,25.073047858942065
Charlotte,28209,255321.2857142857,28209,6,58,22694.0,2830.0,72535.0,28209,12.47025645545078
Charlotte,28210,208788.2380952381,28210,8,58,48304.0,5086.0,68692.0,28210,10.529148724743294
Charlotte,28211,269642.3231292517,28211,8,58,30789.0,3507.0,84366.0,28211,11.390431647666373
Charlotte,28212,122345.10204081633,28212,8,58,45694.0,11593.0,39439.0,28212,25.370945857224147
Charlotte,28213,129184.13605442178,28213,4,58,40724.0,8142.0,43984.0,28213,19.993124447500247
Charlotte,28214,129456.57823129251,28214,8,58,41356.0,5248.0,60837.0,28214,12.68981526259793
Charlotte,28215,128027.6156462585,28215,10,58,62533.0,10998.0,50305.0,28215,17.587513792717445
Charlotte,28216,123011.23129251701,28216,8,58,51116.0,7238.0,48647.0,28216,14.159949917833949
Charlotte,28217,121509.41156462584,28217,3,58,29410.0,6806.0,49230.0,28217,23.141788507310444
Charlotte,28226,201995.1530612245,28226,2,58,39631.0,2604.0,94492.0,28226,6.570613913350661
Charlotte,28262,137603.55102040817,28262,11,58,43046.0,7613.0,53261.0,28262,17.68573154300051
Charlotte,28269,145113.92517006802,28269,10,58,76811.0,5341.0,64803.0,28269,6.953431149184363
Charlotte,28270,196036.7993197279,28270,3,58,35059.0,1273.0,95224.0,28270,3.6310219915000426
Charlotte,28273,149839.1326530612,28273,10,58,39483.0,3705.0,63687.0,28273,9.383785426639315
Charlotte,28277,211061.54761904763,28277,11,58,71605.0,2660.0,105885.0,28277,3.7148243837720822
Charlotte,28278,188199.1224489796,28278,4,58,27286.0,1257.0,90282.0,28278,4.606758044418383
Cherryville,28021,110738.73880597015,28021,4,59,13991.0,1864.0,45606.0,28021,13.322850403831037
China Grove,28023,152666.69411764707,28023,7,60,15623.0,2442.0,54626.0,28023,15.630800742495039
Chocowinity,27817,169042.81292517006,27817,3,61,7773.0,1391.0,50526.0,27817,17.895278528238773
Claremont,28610,131375.02721088435,28610,5,62,10120.0,964.0,55997.0,28610,9.525691699604744
Clayton,27520,145705.55782312926,27520,8,63,40611.0,2700.0,65190.0,27520,6.6484450025855075
Clayton,27527,184954.36029411765,27527,4,63,23160.0,1307.0,87313.0,27527,5.643350604490501
Clemmons,27012,170945.0850340136,27012,4,64,27478.0,1580.0,80045.0,27012,5.750054589125846
Cleveland,27013,138380.85283018867,27013,2,65,6135.0,871.0,51372.0,27013,14.197229013854933
Climax,27233,150866.4135338346,27233,1,66,3643.0,168.0,67278.0,27233,4.611583859456491
Clyde,28721,192448.85164835164,28721,4,67,10152.0,1622.0,46290.0,28721,15.977147360126086
Coats,27521,114497.71505376344,27521,1,68,6111.0,1279.0,44231.0,27521,20.929471444935363
Collettsville,28611,104869.80334728034,28611,1,69,1162.0,171.0,61810.0,28611,14.716006884681585
Columbia,27925,94943.70629370629,27925,3,70,3991.0,863.0,37674.0,27925,21.623653219744426
Concord,28025,141765.18027210885,28025,14,71,54829.0,8376.0,54774.0,28025,15.27658720749968
Concord,28027,156092.60204081633,28027,17,71,63423.0,4694.0,71067.0,28027,7.40110054712013
Conover,28613,125222.18027210885,28613,5,72,22233.0,3053.0,54585.0,28613,13.73184005757208
Conway,27820,65144.51063829787,27820,2,73,2211.0,424.0,39839.0,27820,19.17684305744007
Cooleemee,27014,75292.81868131868,27014,1,74,854.0,260.0,37143.0,27014,30.444964871194376
Cornelius,28031,210485.9149659864,28031,5,75,27460.0,2034.0,89823.0,28031,7.407137654770576
Corolla,27927,287160.7074829932,27927,1,76,932.0,89.0,65795.0,27927,9.549356223175966
Cove City,28523,126548.464,28523,1,77,2364.0,299.0,62533.0,28523,12.648054145516074
Cramerton,28032,138935.1098901099,28032,1,78,3296.0,570.0,59071.0,28032,17.29368932038835
Creedmoor,27522,147752.04421768707,27522,7,79,11861.0,1133.0,65589.0,27522,9.55231430739398
Cullowhee,28723,248314.47282608695,28723,1,80,11182.0,2562.0,33180.0,28723,22.9118225719907
Currituck,27929,243546.9863945578,27929,1,81,1711.0,104.0,80185.0,27929,6.078316773816482
Dallas,28034,121811.2673992674,28034,5,82,17327.0,2486.0,46423.0,28034,14.347550066370404
Danbury,27016,118664.58474576271,27016,1,83,1395.0,145.0,50263.0,27016,10.394265232974911
Davidson,28036,233658.42176870749,28036,2,84,17824.0,700.0,117685.0,28036,3.927289048473968
Deep Run,28525,89620.60204081633,28525,1,85,2919.0,709.0,36373.0,28525,24.289140116478247
Denton,27239,120796.94217687075,27239,3,86,9066.0,1268.0,48091.0,27239,13.986322523714977
Denver,28037,204332.39115646257,28037,6,87,20110.0,1449.0,75516.0,28037,7.2053704624564885
Dobson,27017,126589.13978494624,27017,6,88,9236.0,1461.0,41201.0,27017,15.818536162841056
Dudley,28333,68839.95238095238,28333,3,89,11075.0,4797.0,30172.0,28333,43.313769751693
Dunn,28334,105956.34013605442,28334,7,90,24780.0,6009.0,36751.0,28334,24.24939467312349
Durham,27701,165425.77580071174,27701,8,91,22849.0,6448.0,36606.0,27701,28.220053394021626
Durham,27703,160027.8612099644,27703,13,91,51163.0,7943.0,60438.0,27703,15.52489103453668
Durham,27704,133252.94306049822,27704,12,91,39281.0,8620.0,46720.0,27704,21.9444515160001
Durham,27705,189400.2953736655,27705,5,91,49019.0,7336.0,52256.0,27705,14.965625573757114
Durham,27707,168111.8896797153,27707,15,91,51168.0,8112.0,51851.0,27707,15.853658536585364
Durham,27712,174228.5765124555,27712,6,91,21100.0,1024.0,83418.0,27712,4.853080568720379
Durham,27713,184610.40925266905,27713,5,91,54621.0,6305.0,74077.0,27713,11.543179363248568
East Bend,27018,132665.04,27018,5,92,7714.0,850.0,45714.0,27018,11.018926626912107
East Flat Rock,28726,150124.27040816325,28726,3,93,3219.0,272.0,36054.0,28726,8.449829139484311
Eden,27288,96721.57439446366,27288,7,94,23689.0,4768.0,37384.0,27288,20.127485330744232
Efland,27243,167813.48535564853,27243,2,95,4431.0,276.0,66975.0,27243,6.2288422477995935
Elizabeth City,27909,150215.40322580645,27909,12,96,39515.0,5999.0,48277.0,27909,15.181576616474755
Elkin,28621,109245.32374100719,28621,4,97,10499.0,1835.0,47034.0,28621,17.477855033812745
Ellenboro,28040,87105.42517006803,28040,1,98,7738.0,1283.0,38957.0,28040,16.580511760144738
Ellerbe,28338,76776.40983606558,28338,2,99,4663.0,530.0,45260.0,28338,11.366073343341196
Elm City,27822,109162.15849056604,27822,4,100,8459.0,1215.0,47181.0,27822,14.363399929069633
Elon,27244,150062.84353741497,27244,4,101,15535.0,2031.0,57511.0,27244,13.073704538139687
Enfield,27823,47664.76425855514,27823,3,102,7890.0,2148.0,31951.0,27823,27.224334600760454
Erwin,28339,83378.93548387097,28339,3,103,7357.0,1380.0,40464.0,28339,18.7576457795297
Etowah,28729,215792.70256410257,28729,1,104,3271.0,120.0,52702.0,28729,3.6686028737389176
Fairmont,28340,58573.5,28340,5,105,9657.0,2775.0,30026.0,28340,28.73563218390805
Fairview,28730,259515.9962406015,28730,1,106,9248.0,649.0,62995.0,28730,7.017733564013841
Farmville,27828,106026.53804347826,27828,4,109,9489.0,2519.0,37305.0,27828,26.546527558225318
Fayetteville,28301,61919.8231292517,28301,15,110,17600.0,6167.0,26261.0,28301,35.03977272727273
Fayetteville,28303,104724.90476190476,28303,9,110,29414.0,5981.0,39896.0,28303,20.333854627048346
Fayetteville,28304,91304.9387755102,28304,15,110,36404.0,6624.0,48358.0,28304,18.195802659048454
Fayetteville,28305,129781.05782312925,28305,4,110,5705.0,811.0,50020.0,28305,14.215600350569675
Fayetteville,28306,114846.86054421769,28306,11,110,41944.0,7119.0,51597.0,28306,16.972630173564752
Fayetteville,28311,108021.76530612246,28311,6,110,35641.0,5681.0,47534.0,28311,15.939507870149546
Fayetteville,28312,114104.6156462585,28312,4,110,19196.0,3435.0,44683.0,28312,17.894352990206293
Fayetteville,28314,103629.91496598639,28314,6,110,58110.0,9818.0,47873.0,28314,16.89554293581139
Ferguson,28624,199964.44268774704,28624,1,111,1339.0,300.0,32432.0,28624,22.404779686333082
Flat Rock,28731,234623.53543307088,28731,2,112,8354.0,792.0,55611.0,28731,9.480488388795788
Fletcher,28732,201334.66296296296,28732,2,113,17479.0,1305.0,59993.0,28732,7.466102179758567
Forest City,28043,84677.05442176871,28043,7,114,21075.0,5102.0,35484.0,28043,24.208778173190986
Fort Bragg,28307,70409.51851851853,28307,5,115,17830.0,1757.0,40559.0,28307,9.854178351093662
Four Oaks,27524,126946.69485294117,27524,3,116,13916.0,2157.0,48052.0,27524,15.500143719459613
Franklinton,27525,138326.59863945577,27525,5,117,14323.0,2295.0,51570.0,27525,16.02317950150108
Franklinville,27248,112942.31578947368,27248,2,118,4249.0,396.0,44832.0,27248,9.319839962344082
Fremont,27830,86480.16666666667,27830,2,119,4841.0,834.0,44366.0,27830,17.227845486469732
Fuquay Varina,27526,177953.54513888888,27526,6,120,47425.0,4218.0,76880.0,27526,8.894043226146547
Garner,27529,162528.7142857143,27529,12,121,48833.0,5650.0,60801.0,27529,11.570044846722505
Gaston,27832,69458.7327586207,27832,5,122,3001.0,507.0,36089.0,27832,16.894368543818732
Gastonia,28052,91542.23443223443,28052,13,123,35302.0,9109.0,36243.0,28052,25.80307064755538
Gastonia,28054,121015.6336996337,28054,7,123,37335.0,5830.0,43422.0,28054,15.615374313646713
Gastonia,28056,141845.9597069597,28056,5,123,34401.0,4085.0,63563.0,28056,11.87465480654632
Gates,27937,112500.17486338798,27937,1,124,4546.0,629.0,56523.0,27937,13.836339639243294
Gatesville,27938,95901.44198895028,27938,3,125,1261.0,47.0,47273.0,27938,3.727200634417129
Germanton,27019,130451.47278911565,27019,1,126,4139.0,267.0,57075.0,27019,6.45083353467021
Gibson,28343,53997.28571428572,28343,1,127,1404.0,315.0,39531.0,28343,22.43589743589744
Gibsonville,27249,135029.77210884355,27249,3,128,12447.0,1961.0,54516.0,27249,15.754800353498835
Gold Hill,28071,152500.63605442178,28071,1,129,2649.0,412.0,43551.0,28071,15.553038882597209
Goldsboro,27530,108888.07482993197,27530,14,130,38865.0,9883.0,36283.0,27530,25.429049273124924
Goldsboro,27534,124316.6530612245,27534,8,130,32233.0,3971.0,48270.0,27534,12.31967238544349
Graham,27253,156045.9393939394,27253,11,131,30544.0,5421.0,44902.0,27253,17.748166579360927
Granite Falls,28630,117855.33454545455,28630,6,132,20007.0,3167.0,50190.0,28630,15.829459689108813
Greensboro,27301,138719.3469387755,27301,4,133,8826.0,734.0,62490.0,27301,8.316338092000906
Greensboro,27401,94780.47278911565,27401,11,133,22105.0,4033.0,35153.0,27401,18.24474100882153
Greensboro,27403,120808.47278911565,27403,4,133,22569.0,5026.0,45566.0,27403,22.269484691390844
Greensboro,27405,105227.30952380953,27405,12,133,48990.0,12116.0,36462.0,27405,24.731577873035317
Greensboro,27406,111167.91156462584,27406,17,133,63465.0,14973.0,41097.0,27406,23.592531316473647
Greensboro,27407,119839.28571428571,27407,7,133,50288.0,8412.0,48127.0,27407,16.727648743238944
Greensboro,27408,154445.43537414967,27408,7,133,18090.0,1797.0,63965.0,27408,9.933665008291873
Greensboro,27409,142447.00340136053,27409,3,133,17532.0,2237.0,41455.0,27409,12.7595254391969
Greensboro,27410,167749.10204081633,27410,12,133,55519.0,4518.0,65755.0,27410,8.137754642554803
Greensboro,27455,149885.2925170068,27455,6,133,29020.0,1968.0,73263.0,27455,6.781529979324604
Greenville,27834,108743.18378378378,27834,10,134,56458.0,15413.0,36360.0,27834,27.299939778242234
Greenville,27858,141921.32994923857,27858,9,134,59652.0,15047.0,44751.0,27858,25.224636223429226
Grifton,28530,86813.96739130435,28530,1,135,6457.0,1111.0,36357.0,28530,17.206132879045995
Grimesland,27837,141698.20812182743,27837,1,136,6463.0,1118.0,70453.0,27837,17.298468203620608
Grover,28073,102260.15986394558,28073,1,137,5366.0,836.0,39971.0,28073,15.579575102497206
Halifax,27839,55844.955823293174,27839,2,138,3503.0,406.0,31051.0,27839,11.590065658007422
Hamlet,28345,64612.80952380953,28345,5,139,12107.0,3188.0,34918.0,28345,26.331874122408518
Hampstead,28443,241056.5,28443,5,140,22138.0,1933.0,64317.0,28443,8.731592736471226
Hamptonville,27020,125511.4698275862,27020,1,141,5717.0,990.0,39012.0,27020,17.316774532097252
Harkers Island,28531,243556.3401360544,28531,1,142,1361.0,181.0,51111.0,28531,13.299044819985307
Harmony,28634,140449.5129310345,28634,1,143,5230.0,1047.0,46447.0,28634,20.019120458891013
Harrisburg,28075,185205.32993197278,28075,4,144,18621.0,827.0,99075.0,28075,4.441222275925031
Havelock,28532,118365.54081632652,28532,9,145,22205.0,2741.0,50634.0,28532,12.344066651655032
Haw River,27258,170831.77272727274,27258,1,146,7011.0,862.0,47336.0,27258,12.294965054913707
Hays,28635,85304.50522648083,28635,2,147,3162.0,637.0,29599.0,28635,20.14547754585705
Henderson,27536,62514.80612244898,27536,7,148,16421.0,4882.0,29021.0,27536,29.730223494306074
Henderson,27537,95976.74489795919,27537,11,148,24578.0,4936.0,42363.0,27537,20.08300105785662
Hendersonville,28739,240794.04591836734,28739,1,149,21474.0,2160.0,53965.0,28739,10.05867560771165
Hendersonville,28791,219384.85204081633,28791,5,149,14954.0,1160.0,53964.0,28791,7.757121840310285
Hendersonville,28792,174779.61965811966,28792,9,149,34945.0,5441.0,45629.0,28792,15.570181714122192
Hertford,27944,243829.96153846153,27944,2,150,11969.0,1862.0,46240.0,27944,15.556855209290669
Hertford,27980,96273.27380952382,27980,1,150,1758.0,67.0,47946.0,27980,3.811149032992037
Hickory,28601,134167.13605442178,28601,12,151,51706.0,6977.0,50821.0,28601,13.493598421846595
Hickory,28602,125490.57823129251,28602,5,151,29105.0,4340.0,47493.0,28602,14.911527228998455
Hiddenite,28636,116153.44690265486,28636,2,152,5013.0,922.0,43810.0,28636,18.39218033113904
High Point,27235,176973.09863945577,27235,1,153,4557.0,147.0,89214.0,27235,3.2258064516129035
High Point,27260,72571.80612244898,27260,6,153,25761.0,8719.0,27361.0,27260,33.84573580218159
High Point,27262,105458.74489795919,27262,9,153,24379.0,5009.0,39276.0,27262,20.546371877435497
High Point,27265,134711.01700680272,27265,9,153,50139.0,4609.0,60518.0,27265,9.192445002891963
High Point,27282,152489.62925170068,27282,7,153,17835.0,1576.0,68967.0,27282,8.836557331090553
Hillsborough,27278,193619.9715302491,27278,12,154,26054.0,2705.0,71657.0,27278,10.382282950794504
Holden Beach,28462,249273.67307692306,28462,2,155,12659.0,1842.0,41243.0,28462,14.550912394343946
Hollister,27844,55438.87890625,27844,2,156,2955.0,866.0,28170.0,27844,29.30626057529611
Holly Springs,27540,193293.52083333334,27540,7,157,37520.0,1668.0,102268.0,27540,4.445628997867804
Hope Mills,28348,113297.0,28348,10,158,35673.0,4681.0,53090.0,28348,13.121968996159561
Hot Springs,28743,157852.043715847,28743,1,159,1987.0,580.0,38018.0,28743,29.1897332662305
Hubert,28539,143764.85863874346,28539,1,160,15623.0,2282.0,52782.0,28539,14.606669653715675
Hudson,28638,111694.37818181819,28638,6,161,11698.0,2024.0,41701.0,28638,17.30210292357668
Huntersville,28078,189825.43537414967,28078,12,162,60107.0,2987.0,95874.0,28078,4.9694711098540925
Hurdle Mills,27541,169690.4319727891,27541,1,163,3718.0,548.0,64038.0,27541,14.739107046799354
Indian Trail,28079,168874.84814814816,28079,7,164,36737.0,2317.0,78407.0,28079,6.306992949887034
Iron Station,28080,142663.03401360544,28080,2,165,7941.0,1505.0,53811.0,28080,18.95227301347437
Ivanhoe,28478,90672.06060606061,28478,1,166,5114.0,728.0,39906.0,28478,14.235432147047325
Jackson,27845,62222.82666666667,27845,1,167,2876.0,598.0,33750.0,27845,20.79276773296245
Jacksonville,28540,124658.63274336283,28540,13,168,48775.0,7251.0,49970.0,28540,14.86622245002563
Jacksonville,28546,126480.05286343613,28546,10,168,46338.0,5525.0,46758.0,28546,11.923259527817345
Jarvisburg,27947,166836.0390625,27947,1,169,1431.0,60.0,50417.0,27947,4.19287211740042
Jonesville,28642,85592.49454545455,28642,1,170,5890.0,1305.0,38750.0,28642,22.15619694397284
Kannapolis,28081,128270.60204081633,28081,5,171,27557.0,5044.0,49743.0,28081,18.303879232137025
Kannapolis,28083,116159.0612244898,28083,5,171,25540.0,3610.0,48103.0,28083,14.13469068128426
Kenly,27542,110701.79411764706,27542,2,172,9953.0,1896.0,46332.0,27542,19.049532804179645
Kernersville,27284,144757.9455782313,27284,14,173,54413.0,6184.0,61071.0,27284,11.3649311745355
Kill Devil Hills,27948,247084.41580756014,27948,3,174,11118.0,1110.0,57445.0,27948,9.983810037776578
King,27021,120414.08163265306,27021,6,175,17539.0,2407.0,50123.0,27021,13.723701465305892
Kings Mountain,28086,110162.41156462584,28086,7,176,25037.0,4397.0,42571.0,28086,17.562008227822822
Kinston,28501,53448.766355140186,28501,6,177,18334.0,5857.0,30053.0,28501,31.94611105050725
Kinston,28504,97929.97663551402,28504,6,177,21852.0,3816.0,47856.0,28504,17.462932454695224
Kittrell,27544,129695.6043956044,27544,1,178,5027.0,890.0,56382.0,27544,17.70439626019495
Kitty Hawk,27949,313526.23024054983,27949,1,179,7532.0,331.0,78191.0,27949,4.394583112055232
Knightdale,27545,147609.87414965985,27545,5,180,27186.0,1815.0,63683.0,27545,6.676230412712425
Knotts Island,27950,179451.95918367346,27950,1,181,2073.0,252.0,58821.0,27950,12.156295224312592
La Grange,28551,99167.94897959183,28551,3,182,15104.0,2366.0,37293.0,28551,15.664724576271185
Lake Lure,28746,249824.54761904763,28746,1,183,2371.0,140.0,60400.0,28746,5.904681568958246
Lake Lure,28756,154966.2159090909,28756,3,183,4715.0,264.0,49452.0,28756,5.59915164369035
Lake Toxaway,28747,320220.08196721313,28747,1,184,2243.0,397.0,36653.0,28747,17.699509585376727
Landis,28088,151434.97647058824,28088,2,185,2746.0,373.0,53949.0,28088,13.583394027676619
Laurel Hill,28351,61692.61224489796,28351,2,186,4698.0,873.0,36949.0,28351,18.5823754789272
Laurinburg,28352,72633.74489795919,28352,10,187,25760.0,6870.0,33657.0,28352,26.66925465838509
Lawsonville,27022,119753.416,27022,2,188,1099.0,50.0,41078.0,27022,4.549590536851684
Leicester,28748,203592.92537313432,28748,1,189,12613.0,1974.0,46075.0,28748,15.650519305478475
Leland,28451,187134.22596153847,28451,5,190,33435.0,4738.0,55357.0,28451,14.170779123672798
Lenoir,28645,102876.54044117648,28645,13,191,46604.0,8246.0,38697.0,28645,17.69376019225818
Lewisville,27023,165426.2993197279,27023,1,192,13088.0,911.0,75208.0,27023,6.96057457212714
Lexington,27292,111749.43197278911,27292,16,193,39649.0,7520.0,41315.0,27292,18.966430426996894
Lexington,27295,129700.15986394558,27295,11,193,38511.0,5256.0,49195.0,27295,13.648048609488196
Liberty,27298,139834.37074829932,27298,3,194,10052.0,1586.0,45095.0,27298,15.777954635893355
Lillington,27546,149110.1505376344,27546,5,195,21313.0,3777.0,48737.0,27546,17.72157837939286
Lincolnton,28092,123121.45238095238,28092,15,196,39710.0,7532.0,47971.0,28092,18.96751447997985
Linden,28356,136058.2619047619,28356,1,197,4890.0,392.0,67609.0,28356,8.016359918200411
Littleton,27850,166732.97278911565,27850,2,198,7244.0,987.0,42176.0,27850,13.625069022639424
Locust,28097,161062.1462585034,28097,2,199,6074.0,628.0,57782.0,28097,10.339150477444845
Louisburg,27549,138447.92972972972,27549,8,200,25645.0,4465.0,47667.0,27549,17.410801325794502
Lowell,28098,120262.33333333333,28098,2,201,3629.0,747.0,51206.0,28098,20.584182970515293
Lowgap,27024,128342.01086956522,27024,1,202,3148.0,557.0,41161.0,27024,17.69377382465057
Lucama,27851,108774.75409836066,27851,2,203,5356.0,892.0,48547.0,27851,16.654219566840926
Lumber Bridge,28357,76686.54273504273,28357,2,204,2682.0,738.0,32060.0,28357,27.51677852348993
Lumberton,28358,87087.31818181818,28358,13,205,38760.0,10467.0,37858.0,28358,27.00464396284829
Lumberton,28360,100851.07575757576,28360,3,205,14931.0,3443.0,37608.0,28360,23.0594066037104
Madison,27025,122011.28321678322,27025,4,206,11387.0,1287.0,47147.0,27025,11.302362343022745
Maiden,28650,127492.36394557822,28650,4,207,11106.0,1458.0,50092.0,28650,13.128038897893028
Manteo,27954,259761.30927835053,27954,3,208,7389.0,372.0,52626.0,27954,5.034510759236703
Marion,28752,115808.66666666667,28752,11,209,30591.0,4972.0,41632.0,28752,16.25314635023373
Mars Hill,28754,196738.87074829932,28754,2,210,10138.0,1781.0,45428.0,28754,17.567567567567572
Marshall,28753,172722.3208955224,28753,4,211,9937.0,1411.0,40883.0,28753,14.19945657643152
Marshville,28103,142198.81412639405,28103,4,212,11397.0,1096.0,55116.0,28103,9.616565762920066
Matthews,28105,172119.81292517006,28105,9,213,45786.0,3056.0,75329.0,28105,6.674529332110253
Maxton,28364,53049.83984375,28364,4,214,15183.0,4610.0,33462.0,28364,30.36290588157808
Mayodan,27027,102813.46503496503,27027,1,215,4382.0,889.0,32183.0,27027,20.287539936102235
Maysville,28555,125627.5023255814,28555,2,216,4767.0,1124.0,47527.0,28555,23.578770715334592
Mc Adenville,28101,221448.61194029852,28101,1,217,826.0,71.0,60294.0,28101,8.595641646489103
Mebane,27302,151754.33333333334,27302,7,218,31331.0,4022.0,56230.0,27302,12.837126168970027
Micro,27555,112502.43542435425,27555,1,219,672.0,193.0,30833.0,27555,28.720238095238088
Middlesex,27557,104296.95108695653,27557,1,220,7558.0,1492.0,43098.0,27557,19.74067213548558
Midland,28107,180117.59863945577,28107,1,221,7380.0,616.0,70086.0,28107,8.346883468834687
Millers Creek,28651,121606.92517006803,28651,2,222,7419.0,1829.0,35919.0,28651,24.652918183043536
Mills River,28759,219235.70631970261,28759,2,223,7488.0,547.0,63547.0,28759,7.305021367521367
Minnesott Beach,28510,226101.4649122807,28510,1,224,1503.0,77.0,57381.0,28510,5.123087159015303
Mint Hill,28227,137415.54081632654,28227,8,225,55769.0,6836.0,57752.0,28227,12.257705893955427
Misenheimer,28109,91735.11904761905,28109,1,226,340.0,5.0,-666666666.0,28109,1.4705882352941175
Mocksville,27028,143901.57671957673,27028,9,227,26044.0,4497.0,48167.0,27028,17.2669328828137
Moncure,27559,211565.6523297491,27559,1,228,2225.0,153.0,68264.0,27559,6.876404494382022
Monroe,28110,153629.2888888889,28110,13,229,53520.0,7503.0,57969.0,28110,14.019058295964124
Monroe,28112,147043.90706319702,28112,10,229,26999.0,3806.0,52745.0,28112,14.096818400681505
Mooresboro,28114,75687.4693877551,28114,1,230,7139.0,1588.0,38944.0,28114,22.244011766353825
Mooresville,28115,161495.54448398575,28115,12,231,37023.0,3765.0,62252.0,28115,10.169354185236203
Mooresville,28117,243635.28624535317,28117,7,231,39278.0,2376.0,85591.0,28117,6.049187840521412
Moravian Falls,28654,119212.375,28654,2,232,3100.0,261.0,45081.0,28654,8.419354838709678
Morehead City,28557,194246.37414965985,28557,6,233,15204.0,1663.0,54528.0,28557,10.937911076032622
Morrisville,27560,207883.24829931973,27560,3,234,32801.0,2020.0,93440.0,27560,6.158348830828329
Mount Airy,27030,109687.72330097087,27030,11,235,35843.0,6440.0,36859.0,27030,17.967246045252907
Mount Airy,27053,119913.67659574468,27053,2,235,2973.0,345.0,44967.0,27053,11.604439959636732
Mount Holly,28120,144768.67399267398,28120,5,236,21119.0,2111.0,56234.0,28120,9.99573843458497
Mount Olive,28365,74175.20408163265,28365,4,237,16886.0,5103.0,44209.0,28365,30.22030084093332
Mount Pleasant,28124,157223.193877551,28124,3,238,6192.0,514.0,59167.0,28124,8.301033591731265
Mount Ulla,28125,186652.816091954,28125,2,239,2262.0,161.0,63603.0,28125,7.11759504862953
Moyock,27958,205796.70408163266,27958,2,240,10988.0,745.0,84575.0,27958,6.780123771386968
Nags Head,27959,295131.26804123714,27959,2,241,2908.0,238.0,58803.0,27959,8.184319119669876
Nashville,27856,140401.19487179487,27856,3,242,16488.0,2308.0,52729.0,27856,13.998059194565744
Nebo,28761,189477.30392156861,28761,1,243,7671.0,1145.0,37889.0,28761,14.926345978360054
New Bern,28560,125977.08843537416,28560,5,244,27590.0,5108.0,46133.0,28560,18.51395433127945
New Bern,28562,158148.24829931973,28562,8,244,38598.0,3744.0,57592.0,28562,9.699984455153118
Newport,28570,157197.17006802722,28570,5,245,21590.0,2585.0,51569.0,28570,11.973135710977305
Newton,28658,118865.09863945578,28658,9,246,27479.0,3471.0,46977.0,28658,12.631464027075221
North Wilkesboro,28659,91023.04761904762,28659,4,247,21229.0,5178.0,33832.0,28659,24.39116303170192
Norwood,28128,122880.87074829932,28128,4,248,7056.0,883.0,45689.0,28128,12.514172335600907
Oak Ridge,27310,214474.53401360544,27310,1,249,7290.0,153.0,117039.0,27310,2.098765432098765
Oakboro,28129,136319.36394557822,28129,2,250,5287.0,433.0,50609.0,28129,8.189899754113863
Old Fort,28762,138556.96376811594,28762,1,251,6958.0,1546.0,37845.0,28762,22.219028456453003
Olin,28660,179882.3407079646,28660,2,252,1878.0,162.0,45165.0,28660,8.62619808306709
Orrum,28369,65473.69696969697,28369,1,253,2865.0,764.0,29848.0,28369,26.66666666666667
Oxford,27565,132283.92176870749,27565,10,254,25375.0,3947.0,47056.0,27565,15.554679802955663
Parkton,28371,91475.77210884354,28371,1,255,7249.0,1331.0,50523.0,28371,18.361153262518968
Pembroke,28372,80533.45454545454,28372,5,256,14022.0,3627.0,29399.0,28372,25.86649550706033
Pendleton,27862,60918.838926174496,27862,1,257,649.0,124.0,37500.0,27862,19.106317411402163
Pikeville,27863,132573.10884353743,27863,3,258,12855.0,1560.0,56724.0,27863,12.135355892648775
Pilot Mountain,27041,136563.5062240664,27041,4,259,7947.0,1439.0,41771.0,27041,18.107461935321506
Pine Hall,27042,112473.20819112628,27042,1,260,610.0,17.0,55156.0,27042,2.7868852459016398
Pine Level,27568,129600.25367647059,27568,1,261,596.0,25.0,45263.0,27568,4.194630872483222
Pinehurst,28374,253636.3469387755,28374,1,262,17190.0,443.0,82312.0,28374,2.577079697498545
Pinetops,27864,53062.85338345865,27864,3,263,4911.0,871.0,40455.0,27864,17.735695377723477
Pinetown,27865,96601.46946564886,27865,2,264,2168.0,290.0,63917.0,27865,13.376383763837635
Pineville,28134,154614.14285714287,28134,2,265,11049.0,1201.0,57047.0,28134,10.869761969408996
Pinnacle,27043,143748.0671641791,27043,2,266,7094.0,884.0,51510.0,27043,12.461234846349027
Pittsboro,27312,257545.30272108843,27312,4,267,20368.0,1706.0,72315.0,27312,8.375883739198741
Pleasant Garden,27313,151398.693877551,27313,1,268,7134.0,645.0,61914.0,27313,9.041211101766189
Pollocksville,28573,96032.9693877551,28573,1,269,2053.0,491.0,44083.0,28573,23.9162201656113
Poplar Branch,27965,134854.66326530612,27965,1,270,693.0,147.0,41250.0,27965,21.21212121212121
Princeton,27569,122230.73454545454,27569,2,271,7942.0,1380.0,43958.0,27569,17.375975824729288
Raeford,28376,140920.3135135135,28376,11,272,44328.0,7967.0,49480.0,28376,17.972838837754914
Raleigh,27601,195925.76530612246,27601,6,273,10445.0,2737.0,36781.0,27601,26.20392532312111
Raleigh,27603,185117.18367346938,27603,6,273,53803.0,9560.0,64087.0,27603,17.76852591862907
Raleigh,27604,153511.2006802721,27604,6,273,47761.0,6634.0,58626.0,27604,13.889993928100333
Raleigh,27605,363385.8605442177,27605,4,273,5490.0,725.0,62479.0,27605,13.205828779599269
Raleigh,27606,198711.02721088435,27606,11,273,46589.0,8967.0,51959.0,27606,19.247032561334226
Raleigh,27607,266155.0442176871,27607,4,273,29536.0,2870.0,77092.0,27607,9.716955579631636
Raleigh,27608,358955.1462585034,27608,3,273,11054.0,534.0,107875.0,27608,4.8308304686086485
Raleigh,27609,204068.28231292518,27609,6,273,32870.0,3395.0,58983.0,27609,10.328567082446
Raleigh,27610,139975.95918367346,27610,14,273,78475.0,15074.0,50092.0,27610,19.20866517999363
Raleigh,27612,225812.19727891157,27612,5,273,38748.0,3218.0,76765.0,27612,8.304944771343036
Raleigh,27613,212543.768707483,27613,5,273,42933.0,1760.0,96185.0,27613,4.09941070971048
Raleigh,27614,210067.18707482994,27614,10,273,33287.0,1239.0,106469.0,27614,3.722173821612041
Raleigh,27615,202863.5136054422,27615,8,273,43461.0,2412.0,82214.0,27615,5.549803271898943
Raleigh,27616,157227.7857142857,27616,7,273,53364.0,6027.0,68084.0,27616,11.294130874747019
Raleigh,27617,223916.3242320819,27617,1,273,18856.0,1178.0,83309.0,27617,6.247348324140858
Ramseur,27316,99802.01052631579,27316,4,274,7157.0,1765.0,39570.0,27316,24.661170881654325
Randleman,27317,130986.90136054422,27317,4,275,16640.0,2666.0,43754.0,27317,16.021634615384613
Red Oak,27809,89932.91666666667,27809,4,276,5083.0,932.0,47940.0,27809,18.335628565807593
Red Springs,28377,55080.87548638132,28377,4,277,12933.0,4682.0,28176.0,28377,36.20196396814351
Reidsville,27320,125919.19727891157,27320,13,278,38634.0,6678.0,41771.0,27320,17.285292747321012
Rennert,28386,61879.560784313726,28386,1,279,5997.0,2230.0,31092.0,28386,37.185259296314825
Richfield,28137,124572.63605442178,28137,1,280,3248.0,189.0,52167.0,28137,5.818965517241379
Richlands,28574,143648.13725490196,28574,4,281,18116.0,2502.0,49267.0,28574,13.810995804813425
Roanoke Rapids,27870,71340.3231292517,27870,7,282,25792.0,6125.0,36287.0,27870,23.74767369727047
Roaring River,28669,80986.14509803921,28669,1,283,2663.0,264.0,41250.0,28669,9.913631242959069
Robbins,27325,98714.51162790698,27325,3,284,6767.0,1391.0,43333.0,27325,20.55563765331757
Rockingham,28379,86512.01646090535,28379,8,285,24403.0,5713.0,36806.0,28379,23.411056017702737
Rockwell,28138,138127.15646258503,28138,2,286,9912.0,1051.0,50331.0,28138,10.603309120258272
Rocky Mount,27801,52739.62925170068,27801,6,287,19737.0,5538.0,32346.0,27801,28.058975528195766
Rocky Mount,27803,99638.33217993079,27803,3,287,18791.0,2851.0,47843.0,27803,15.172156883614495
Rocky Mount,27804,120160.73333333334,27804,9,287,29938.0,3631.0,51385.0,27804,12.128398690627296
Rocky Point,28457,171127.25945945946,28457,4,288,10303.0,2112.0,48843.0,28457,20.498883820246533
Rodanthe,27982,303913.2931726908,27982,1,289,54.0,10.0,-666666666.0,27982,18.51851851851852
Rolesville,27571,187283.78231292518,27571,4,290,6664.0,210.0,112425.0,27571,3.1512605042016806
Ronda,28670,80271.6836734694,28670,3,291,3590.0,269.0,50774.0,28670,7.493036211699164
Rowland,28383,54498.30303030303,28383,4,292,8854.0,2536.0,33952.0,28383,28.642421504404787
Roxboro,27573,99986.46258503401,27573,5,293,11158.0,3113.0,32726.0,27573,27.89926510127263
Roxboro,27574,144217.40136054423,27574,4,293,14489.0,2129.0,50483.0,27574,14.69390572158189
Ruffin,27326,101460.43554006968,27326,1,294,2872.0,499.0,49053.0,27326,17.37465181058496
Rural Hall,27045,123260.0068027211,27045,1,295,9374.0,975.0,53932.0,27045,10.401109451674843
Rutherfordton,28139,116586.10884353741,28139,4,296,20900.0,2510.0,45053.0,28139,12.009569377990433
Saint Pauls,28384,67853.71484375,28384,3,297,11199.0,2468.0,32744.0,28384,22.037681935887125
Salisbury,28144,115449.35294117648,28144,4,298,25158.0,4766.0,43136.0,28144,18.94427219969791
Salisbury,28146,153681.8,28146,7,298,27496.0,4264.0,51806.0,28146,15.507710212394528
Salisbury,28147,159839.09523809524,28147,4,298,24878.0,4395.0,49048.0,28147,17.666211110217862
Sandy Ridge,27046,111883.78231292516,27046,1,299,1922.0,242.0,38589.0,27046,12.59105098855359
Sanford,27330,119138.34353741497,27330,13,300,39279.0,6191.0,48744.0,27330,15.761602892130654
Sanford,27332,129956.1156462585,27332,4,300,31629.0,4352.0,57649.0,27332,13.759524487021404
Scotland Neck,27874,48398.684426229505,27874,2,301,3766.0,915.0,36023.0,27874,24.296335634625603
Seagrove,27341,85989.6156462585,27341,2,302,5263.0,471.0,44789.0,27341,8.949268478054343
Selma,27576,116159.5955882353,27576,2,303,18104.0,4918.0,38676.0,27576,27.16526734423332
Semora,27343,297236.6304347826,27343,1,304,1579.0,290.0,64244.0,27343,18.36605446485117
Seven Lakes,27376,204315.08673469388,27376,3,305,8998.0,811.0,63278.0,27376,9.013114025338963
Seven Springs,28578,94539.4387755102,28578,1,306,6858.0,1926.0,44288.0,28578,28.083989501312328
Shallotte,28470,176600.15942028986,28470,2,307,12089.0,2359.0,39636.0,28470,19.513607411696587
Shawboro,27973,173825.3775510204,27973,1,308,1143.0,146.0,41736.0,27973,12.773403324584427
Shelby,28150,109365.6462585034,28150,8,309,27581.0,6350.0,38328.0,28150,23.023095609296256
Shelby,28152,112468.96598639456,28152,10,309,25348.0,5132.0,41492.0,28152,20.246173268107942
Sherrills Ford,28673,245218.32993197278,28673,1,310,6307.0,275.0,78479.0,28673,4.360234659901697
Siler City,27344,117643.59352517985,27344,7,311,18798.0,3720.0,42680.0,27344,19.78933929141398
Sims,27880,156309.94358974358,27880,1,312,3242.0,589.0,65768.0,27880,18.167797655768048
Smithfield,27577,128001.2205882353,27577,8,313,25330.0,4465.0,46508.0,27577,17.627319384129493
Smyrna,28579,152082.55782312926,28579,1,314,554.0,129.0,46964.0,28579,23.28519855595668
Snow Camp,27349,148832.54022988505,27349,1,315,5500.0,436.0,52547.0,27349,7.927272727272728
Sophia,27350,131679.5298245614,27350,1,316,6021.0,569.0,44147.0,27350,9.450257432320214
Southern Pines,28387,221608.8418367347,28387,3,317,15526.0,2017.0,60617.0,28387,12.991111683627462
Spencer,28159,96788.57647058823,28159,3,318,2908.0,698.0,38125.0,28159,24.002751031636862
Spindale,28160,63400.336734693876,28160,2,319,3586.0,433.0,36199.0,28160,12.07473508087005
Spring Hope,27882,108830.25543478261,27882,2,320,7637.0,1827.0,42587.0,27882,23.923006416131987
Spring Lake,28390,93309.22789115646,28390,8,321,23790.0,4763.0,46600.0,28390,20.021017234131985
Stallings,28104,178904.80272108843,28104,5,322,31085.0,1349.0,104745.0,28104,4.339713688274086
Stanfield,28163,166195.58163265305,28163,1,323,5469.0,416.0,64559.0,28163,7.606509416712378
Stanley,28164,148543.11895910781,28164,3,324,15099.0,1140.0,56762.0,28164,7.550168885356648
Stantonsburg,27883,88320.95108695653,27883,2,325,2970.0,592.0,44561.0,27883,19.932659932659927
State Road,28676,120973.93884892086,28676,2,326,4028.0,492.0,52543.0,28676,12.21449851042701
Statesville,28625,138312.02222222224,28625,6,327,39518.0,4945.0,50216.0,28625,12.513285085277596
Statesville,28677,122795.77695167286,28677,15,327,34545.0,6196.0,45191.0,28677,17.936025474019395
Stedman,28391,122530.01700680272,28391,2,328,5984.0,1268.0,52762.0,28391,21.18983957219251
Stem,27581,134641.4693877551,27581,1,329,4832.0,112.0,63667.0,27581,2.3178807947019866
Stokes,27884,101684.97311827957,27884,1,330,1301.0,0.0,60147.0,27884,0.0
Stokesdale,27357,167666.72108843538,27357,1,331,8652.0,1195.0,61101.0,27357,13.811835413777162
Stoneville,27048,124207.79238754325,27048,1,332,8059.0,1432.0,53154.0,27048,17.768953964511727
Stony Point,28678,161406.6436781609,28678,1,333,6577.0,650.0,48083.0,28678,9.882925345902386
Stovall,27582,47641.17391304348,27582,1,334,447.0,110.0,-666666666.0,27582,24.60850111856823
Sugar Grove,28679,191958.95918367346,28679,2,335,1740.0,202.0,46250.0,28679,11.609195402298852
Summerfield,27358,205177.70408163266,27358,2,336,15184.0,765.0,90909.0,27358,5.038198103266597
Sunbury,27979,100088.06077348067,27979,1,337,1547.0,53.0,59688.0,27979,3.425985778926956
Surf City,28445,266659.8756756757,28445,3,338,7278.0,910.0,59766.0,28445,12.503435009618027
Swannanoa,28778,178419.91078066913,28778,4,339,9939.0,1562.0,46265.0,28778,15.71586678740316
Swansboro,28584,191618.16666666666,28584,5,340,12265.0,1620.0,59102.0,28584,13.208316347329802
Sylva,28779,182351.69565217392,28779,5,341,18141.0,2513.0,53582.0,28779,13.852599084945702
Tarboro,27886,65345.04081632653,27886,10,342,20450.0,4240.0,35959.0,27886,20.73349633251833
Taylorsville,28681,137122.58333333334,28681,7,343,25636.0,3254.0,45788.0,28681,12.693087845217665
Thomasville,27360,113008.21428571429,27360,12,344,45603.0,7386.0,43661.0,27360,16.19630287481087
Timberlake,27583,168512.07142857142,27583,1,345,7020.0,505.0,58274.0,27583,7.193732193732194
Tobaccoville,27050,125994.05442176871,27050,1,346,3995.0,343.0,54167.0,27050,8.585732165206508
Traphill,28685,88433.90476190476,28685,1,347,1979.0,548.0,37813.0,28685,27.69075290550783
Trenton,28585,82897.48314606742,28585,3,348,3674.0,1190.0,31600.0,28585,32.38976592270005
Trinity,27370,132061.78231292518,27370,7,349,15678.0,1714.0,51748.0,27370,10.932516902666157
Troutman,28166,158912.79553903345,28166,3,350,9394.0,1050.0,61406.0,28166,11.177347242921014
Union Grove,28689,201544.73720136518,28689,1,351,2071.0,346.0,61000.0,28689,16.70690487687107
Valdese,28690,149208.54545454544,28690,3,352,9125.0,1549.0,41875.0,28690,16.975342465753428
Vale,28168,137285.37089201878,28168,3,353,10056.0,1173.0,47888.0,28168,11.664677804295941
Vanceboro,28586,91736.74149659864,28586,2,354,7259.0,1615.0,35500.0,28586,22.248243559718965
Vass,28394,188840.76020408163,28394,2,355,5303.0,1113.0,47018.0,28394,20.988119932113896
Vilas,28692,201330.87414965985,28692,1,356,3941.0,409.0,56361.0,28692,10.378076630296876
Wade,28395,118117.60884353741,28395,1,357,2466.0,216.0,54656.0,28395,8.75912408759124
Wagram,28396,75987.34013605442,28396,1,358,2620.0,711.0,44901.0,28396,27.137404580152673
Wake Forest,27587,204092.64965986394,27587,11,359,66583.0,3624.0,92878.0,27587,5.442830752594506
Walkertown,27051,122678.83673469388,27051,4,360,7678.0,824.0,47940.0,27051,10.731961448293827
Walnut Cove,27052,119756.27210884354,27052,5,361,9906.0,1724.0,39460.0,27052,17.403593781546537
Washington,27889,114628.86054421769,27889,7,362,26576.0,5692.0,40740.0,27889,21.41782059000602
Waxhaw,28173,186420.77037037036,28173,12,363,56910.0,2124.0,116043.0,28173,3.7322087506589354
Waynesville,28785,250860.7243243243,28785,1,364,7811.0,890.0,58551.0,28785,11.394187684035337
Waynesville,28786,208195.25268817204,28786,6,364,20821.0,2754.0,48486.0,28786,13.227030401997984
Weaverville,28787,224048.28231292518,28787,6,365,21314.0,2495.0,53258.0,28787,11.705920990897999
Weldon,27890,39490.92608695652,27890,3,366,2778.0,1230.0,28264.0,27890,44.27645788336933
Wendell,27591,148939.47959183675,27591,10,367,21098.0,2106.0,62651.0,27591,9.981988814105602
Whispering Pines,28327,183980.69897959183,28327,4,368,16192.0,2051.0,53080.0,28327,12.666749011857707
Whitakers,27891,74342.1043956044,27891,1,369,5356.0,1229.0,42656.0,27891,22.946228528752798
Whittier,28789,189530.15675675677,28789,1,370,5281.0,750.0,40708.0,28789,14.201855709145994
Wilkesboro,28697,136654.10884353743,28697,4,371,13638.0,2148.0,46769.0,28697,15.750109986801586
Willow Spring,27592,157528.36458333334,27592,2,372,15588.0,1451.0,67820.0,27592,9.308442391583267
Wilmington,28401,132993.2213438735,28401,9,373,24279.0,7487.0,33309.0,28401,30.83734914947074
Wilmington,28403,184401.27559055117,28403,8,373,40919.0,10576.0,37235.0,28403,25.846183924338327
Wilmington,28405,167826.28346456692,28405,9,373,32330.0,5569.0,54544.0,28405,17.225487163625118
Wilmington,28409,216251.05118110238,28409,4,373,34180.0,2938.0,78761.0,28409,8.595669982445875
Wilmington,28411,201359.7658730159,28411,2,373,37995.0,3639.0,72045.0,28411,9.57757599684169
Wilmington,28412,189725.58267716537,28412,9,373,38213.0,6231.0,52306.0,28412,16.305969172794594
Wilson,27813,77289.53804347826,27813,1,374,825.0,220.0,35625.0,27813,26.66666666666667
Wilson,27893,86544.39784946236,27893,18,374,39372.0,11414.0,34210.0,27893,28.990145280910287
Wilson,27896,148771.89743589744,27896,2,374,20681.0,1860.0,63792.0,27896,8.993762390600066
Wingate,28174,135932.01115241635,28174,2,375,9284.0,1729.0,48936.0,28174,18.623438173201208
Winnabow,28479,187110.1923076923,28479,1,376,6274.0,634.0,59175.0,28479,10.105196047178833
Winston-Salem,27040,144204.4149659864,27040,2,377,11803.0,1176.0,73442.0,27040,9.96356858425824
Winston-Salem,27101,98002.48299319728,27101,10,377,19681.0,5935.0,31805.0,27101,30.155988008739392
Winston-Salem,27103,135946.81292517006,27103,4,377,34993.0,5856.0,49623.0,27103,16.73477552653388
Winston-Salem,27104,161377.27551020408,27104,6,377,27892.0,2509.0,64579.0,27104,8.995410870500502
Winston-Salem,27105,88854.8469387755,27105,13,377,40530.0,11089.0,33937.0,27105,27.359980261534663
Winston-Salem,27106,140838.1462585034,27106,13,377,48351.0,8233.0,49947.0,27106,17.027569233314722
Winston-Salem,27107,118242.42176870749,27107,7,377,47610.0,12051.0,42787.0,27107,25.31190926275993
Winston-Salem,27127,122393.30952380953,27127,9,377,39902.0,7308.0,48262.0,27127,18.31487143501579
Winterville,28590,148498.77157360406,28590,5,378,24613.0,2747.0,65594.0,28590,11.16076869946776
Woodleaf,27054,151278.84705882354,27054,1,379,2388.0,161.0,70101.0,27054,6.742043551088778
Wrightsville Beach,28480,867084.6547619047,28480,1,380,2536.0,216.0,83417.0,28480,8.517350157728707
Yadkinville,27055,122836.27272727272,27055,4,381,14131.0,1855.0,44574.0,27055,13.127167221003466
Youngsville,27596,165427.65529010238,27596,3,382,18359.0,1624.0,70535.0,27596,8.845797701399858
Zebulon,27597,147983.47959183675,27597,5,383,23538.0,2995.0,58514.0,27597,12.724105701418983
Zionville,28698,174710.97959183675,28698,1,384,2247.0,511.0,42609.0,28698,22.741433021806852
